time,ax (m/s^2),ay (m/s^2),az (m/s^2),aT (m/s^2)
0.001984,0.0200,0.7829,0.0918,0.788
0.007643,0.0200,0.7756,0.0911,0.781
0.018599,0.0201,0.7679,0.0903,0.773
0.027874,0.0201,0.7626,0.0897,0.768
0.038720,0.0201,0.7611,0.0896,0.767
0.048756,0.0199,0.7609,0.0897,0.766
0.058636,0.0197,0.7611,0.0898,0.767
0.068635,0.0194,0.7628,0.0900,0.768
0.079222,0.0189,0.7651,0.0904,0.771
0.089128,0.0184,0.7698,0.0910,0.775
0.098971,0.0181,0.7761,0.0917,0.782
0.109324,0.0179,0.7828,0.0925,0.788
0.118627,0.0177,0.7906,0.0933,0.796
0.129116,0.0176,0.7985,0.0941,0.804
0.139230,0.0177,0.8078,0.0951,0.814
0.149248,0.0177,0.8183,0.0963,0.824
0.159531,0.0178,0.8296,0.0976,0.836
0.176045,0.0180,0.8421,0.0990,0.848
0.181572,0.0183,0.8540,0.1003,0.860
0.189913,0.0184,0.8661,0.1016,0.872
0.201007,0.0185,0.8770,0.1029,0.883
0.210604,0.0185,0.8859,0.1040,0.892
0.220422,0.0184,0.8929,0.1049,0.899
0.231816,0.0183,0.8974,0.1056,0.904
0.240514,0.0182,0.8986,0.1058,0.905
0.250569,0.0182,0.8992,0.1059,0.906
0.260933,0.0183,0.8989,0.1060,0.905
0.276079,0.0187,0.8986,0.1060,0.905
0.281515,0.0192,0.8966,0.1059,0.903
0.291998,0.0198,0.8930,0.1056,0.899
0.301206,0.0202,0.8881,0.1051,0.895
0.311789,0.0205,0.8826,0.1045,0.889
0.321851,0.0209,0.8767,0.1039,0.883
0.332070,0.0211,0.8693,0.1032,0.876
0.342083,0.0211,0.8604,0.1023,0.867
0.352324,0.0209,0.8501,0.1011,0.856
0.362240,0.0207,0.8379,0.0997,0.844
0.376259,0.0201,0.8257,0.0984,0.832
0.382134,0.0195,0.8142,0.0971,0.820
0.392887,0.0188,0.8014,0.0957,0.807
0.402404,0.0181,0.7890,0.0942,0.795
0.414372,0.0174,0.7783,0.0930,0.784
0.422721,0.0167,0.7693,0.0919,0.775
0.433104,0.0158,0.7622,0.0910,0.768
0.443684,0.0151,0.7568,0.0905,0.762
0.453711,0.0146,0.7529,0.0901,0.758
0.476979,0.0141,0.7488,0.0896,0.754
0.478149,0.0136,0.7469,0.0894,0.752
0.484662,0.0131,0.7472,0.0895,0.753
0.494067,0.0128,0.7490,0.0897,0.754
0.504751,0.0124,0.7514,0.0899,0.757
0.515170,0.0121,0.7541,0.0903,0.760
0.524409,0.0118,0.7550,0.0904,0.760
0.534559,0.0116,0.7554,0.0903,0.761
0.544720,0.0115,0.7569,0.0904,0.762
0.555147,0.0116,0.7587,0.0907,0.764
0.576078,0.0118,0.7601,0.0909,0.766
0.577131,0.0120,0.7608,0.0910,0.766
0.585575,0.0124,0.7595,0.0910,0.765
0.595884,0.0127,0.7588,0.0909,0.764
0.605474,0.0132,0.7583,0.0909,0.764
0.615326,0.0137,0.7579,0.0909,0.763
0.625948,0.0144,0.7569,0.0907,0.762
0.635548,0.0152,0.7559,0.0906,0.761
0.646270,0.0157,0.7545,0.0905,0.760
0.656617,0.0161,0.7516,0.0902,0.757
0.676843,0.0163,0.7497,0.0901,0.755
0.678041,0.0166,0.7466,0.0897,0.752
0.686304,0.0168,0.7439,0.0894,0.749
0.697523,0.0170,0.7418,0.0891,0.747
0.707124,0.0173,0.7400,0.0890,0.746
0.717134,0.0175,0.7403,0.0891,0.746
0.727008,0.0177,0.7432,0.0894,0.749
0.737188,0.0181,0.7493,0.0901,0.755
0.747811,0.0183,0.7549,0.0908,0.761
0.757753,0.0184,0.7597,0.0913,0.765
0.767537,0.0185,0.7650,0.0920,0.771
0.777722,0.0186,0.7688,0.0926,0.775
0.791633,0.0187,0.7724,0.0930,0.778
0.797966,0.0188,0.7756,0.0935,0.781
0.808425,0.0189,0.7798,0.0940,0.786
0.818442,0.0191,0.7837,0.0945,0.790
0.828701,0.0192,0.7870,0.0948,0.793
0.838577,0.0193,0.7900,0.0951,0.796
0.848331,0.0193,0.7918,0.0952,0.798
0.858719,0.0195,0.7942,0.0954,0.800
0.868627,0.0232,0.7957,0.0943,0.802
0.879251,0.0249,0.7956,0.0936,0.801
0.889525,0.0257,0.7948,0.0939,0.801
0.899121,0.0255,0.7919,0.0938,0.798
0.909500,0.0236,0.7880,0.0927,0.794
0.919606,0.0227,0.7817,0.0932,0.788
0.931029,0.0223,0.7752,0.0939,0.781
0.940087,0.0220,0.7670,0.0980,0.774
0.949926,0.0211,0.7580,0.1038,0.765
0.960894,0.0208,0.7502,0.1105,0.759
0.970554,0.0205,0.7427,0.1189,0.752
0.981530,0.0206,0.7377,0.1253,0.749
0.990599,0.0207,0.7337,0.1304,0.745
1.000998,0.0198,0.7307,0.1335,0.743
1.010972,0.0190,0.7277,0.1367,0.741
1.021334,0.0175,0.7246,0.1423,0.739
1.032221,0.0154,0.7229,0.1506,0.739
1.041629,0.0141,0.7207,0.1599,0.738
1.051215,0.0154,0.7188,0.1686,0.738
1.062338,0.0163,0.7180,0.1753,0.739
1.071895,0.0171,0.7176,0.1802,0.740
1.081924,0.0193,0.7168,0.1850,0.741
1.091806,0.0223,0.7161,0.1895,0.741
1.102177,0.0264,0.7156,0.1921,0.741
1.112447,0.0313,0.7143,0.1955,0.741
1.122272,0.0357,0.7140,0.1984,0.742
1.132961,0.0397,0.7134,0.2013,0.742
1.143211,0.0418,0.7116,0.2018,0.741
1.153826,0.0440,0.7105,0.1990,0.739
1.162938,0.0450,0.7096,0.1938,0.737
1.173280,0.0464,0.7082,0.1877,0.734
1.182991,0.0479,0.7056,0.1828,0.730
1.193537,0.0498,0.7046,0.1780,0.728
1.203315,0.0523,0.7044,0.1747,0.728
1.214497,0.0534,0.7038,0.1724,0.727
1.224230,0.0550,0.7029,0.1674,0.725
1.233514,0.0574,0.7014,0.1604,0.722
1.244399,0.0599,0.7026,0.1517,0.721
1.254609,0.0623,0.7039,0.1442,0.721
1.268388,0.0646,0.7039,0.1383,0.720
1.274280,0.0659,0.7047,0.1336,0.720
1.284534,0.0661,0.7060,0.1287,0.721
1.294704,0.0666,0.7065,0.1236,0.720
1.304805,0.0669,0.7075,0.1197,0.721
1.314638,0.0668,0.7087,0.1161,0.721
1.325165,0.0667,0.7081,0.1115,0.720
1.334792,0.0658,0.7069,0.1069,0.718
1.345639,0.0665,0.7062,0.1038,0.717
1.355420,0.0678,0.7058,0.1028,0.716
1.368839,0.0692,0.7053,0.1034,0.716
1.376289,0.0715,0.7056,0.1045,0.717
1.385160,0.0729,0.7060,0.1079,0.718
1.396357,0.0734,0.7060,0.1138,0.719
1.405971,0.0739,0.7059,0.1216,0.720
1.416016,0.0749,0.7066,0.1302,0.722
1.426079,0.0765,0.7066,0.1398,0.724
1.437057,0.0217,0.7163,0.0905,0.722
1.447452,0.0217,0.7160,0.0912,0.722
1.457557,0.0217,0.7164,0.0917,0.723
1.467066,0.0217,0.7163,0.0921,0.723
1.477820,0.0218,0.7163,0.0925,0.723
1.487124,0.0219,0.7195,0.0935,0.726
1.497700,0.0219,0.7242,0.0948,0.731
1.507700,0.0219,0.7293,0.0962,0.736
1.517278,0.0219,0.7357,0.0976,0.743
1.527427,0.0220,0.7447,0.0994,0.752
1.538091,0.0222,0.7551,0.1013,0.762
1.547710,0.0222,0.7666,0.1031,0.774
1.558645,0.0223,0.7789,0.1048,0.786
1.568230,0.0225,0.7907,0.1064,0.798
1.578548,0.0225,0.8005,0.1078,0.808
1.588338,0.0225,0.8089,0.1090,0.817
1.598591,0.0224,0.8167,0.1102,0.824
1.608775,0.0224,0.8223,0.1109,0.830
1.619018,0.0224,0.8267,0.1113,0.834
1.629046,0.0224,0.8302,0.1115,0.838
1.639587,0.0224,0.8317,0.1113,0.839
1.649660,0.0223,0.8318,0.1109,0.839
1.660083,0.0223,0.8311,0.1105,0.839
1.669749,0.0223,0.8311,0.1103,0.839
1.681266,0.0222,0.8313,0.1101,0.839
1.690307,0.0221,0.8286,0.1094,0.836
1.699792,0.0220,0.8243,0.1084,0.832
1.710038,0.0219,0.8191,0.1071,0.826
1.720111,0.0218,0.8126,0.1058,0.820
1.730538,0.0217,0.8043,0.1043,0.811
1.740163,0.0216,0.7948,0.1026,0.802
1.750325,0.0215,0.7842,0.1009,0.791
1.760837,0.0213,0.7720,0.0992,0.779
1.770711,0.0211,0.7597,0.0973,0.766
1.781434,0.0208,0.7489,0.0956,0.755
1.791267,0.0206,0.7390,0.0940,0.745
1.801116,0.0204,0.7290,0.0923,0.735
1.811839,0.0203,0.7214,0.0911,0.727
1.821348,0.0203,0.7156,0.0903,0.722
1.831296,0.0202,0.7110,0.0896,0.717
1.841812,0.0201,0.7075,0.0890,0.713
1.851770,0.0199,0.7043,0.0885,0.710
1.868326,0.0198,0.7026,0.0882,0.708
1.872238,0.0195,0.7003,0.0879,0.706
1.882312,0.0193,0.6979,0.0875,0.704
1.892409,0.0191,0.6957,0.0871,0.701
1.902065,0.0189,0.6935,0.0867,0.699
1.913819,0.0187,0.6905,0.0864,0.696
1.922810,0.0186,0.6875,0.0861,0.693
1.933036,0.0184,0.6847,0.0857,0.690
1.943586,0.0181,0.6835,0.0858,0.689
1.953304,0.0179,0.6821,0.0859,0.688
1.968633,0.0177,0.6812,0.0861,0.687
1.973298,0.0175,0.6815,0.0867,0.687
1.982851,0.0174,0.6817,0.0873,0.687
1.993930,0.0173,0.6820,0.0877,0.688
2.003691,0.0173,0.6829,0.0882,0.689
2.014653,0.0171,0.6822,0.0884,0.688
2.023751,0.0170,0.6809,0.0885,0.687
2.033756,0.0168,0.6807,0.0888,0.687
2.044867,0.0167,0.6804,0.0893,0.686
2.055036,0.0167,0.6811,0.0899,0.687
2.070671,0.0166,0.6803,0.0902,0.686
2.075110,0.0165,0.6801,0.0905,0.686
2.084664,0.0166,0.6807,0.0911,0.687
2.094698,0.0166,0.6812,0.0917,0.688
2.105365,0.0167,0.6828,0.0925,0.689
2.114973,0.0168,0.6858,0.0935,0.692
2.125668,0.0169,0.6889,0.0945,0.696
2.135214,0.0171,0.6927,0.0958,0.700
2.147006,0.0174,0.6969,0.0970,0.704
2.155651,0.0178,0.7034,0.0984,0.710
2.165778,0.0182,0.7118,0.1000,0.719
2.177308,0.0186,0.7204,0.1014,0.728
2.186412,0.0190,0.7296,0.1027,0.737
2.197609,0.0194,0.7403,0.1041,0.748
2.206654,0.0197,0.7514,0.1054,0.759
2.217156,0.0201,0.7625,0.1066,0.770
2.226645,0.0203,0.7730,0.1075,0.781
2.237106,0.0204,0.7812,0.1080,0.789
2.248035,0.0206,0.7887,0.1083,0.796
2.257688,0.0208,0.7959,0.1085,0.804
2.267279,0.0211,0.8035,0.1089,0.811
2.278191,0.0214,0.8106,0.1093,0.818
2.287559,0.0216,0.8169,0.1098,0.825
2.297469,0.0219,0.8220,0.1102,0.830
2.307438,0.0220,0.8257,0.1104,0.833
2.317518,0.0221,0.8277,0.1106,0.835
2.328070,0.0223,0.8302,0.1108,0.838
2.338329,0.0222,0.8317,0.1108,0.839
2.348515,0.0222,0.8313,0.1107,0.839
2.358521,0.0221,0.8292,0.1105,0.837
2.369151,0.0219,0.8247,0.1099,0.832
2.378612,0.0217,0.8185,0.1093,0.826
2.389331,0.0214,0.8117,0.1087,0.819
2.399124,0.0212,0.8044,0.1083,0.812
2.409353,0.0211,0.7963,0.1078,0.804
2.419112,0.0210,0.7892,0.1075,0.797
2.430215,0.0211,0.7826,0.1074,0.790
2.439968,0.0211,0.7767,0.1075,0.784
2.450432,0.0211,0.7717,0.1077,0.779
2.460285,0.0210,0.7668,0.1081,0.775
2.469399,0.0210,0.7628,0.1083,0.771
2.480269,0.0209,0.7583,0.1082,0.766
2.489886,0.0207,0.7533,0.1079,0.761
2.500794,0.0206,0.7485,0.1074,0.756
2.510527,0.0205,0.7436,0.1067,0.751
2.520656,0.0204,0.7393,0.1060,0.747
2.530330,0.0204,0.7350,0.1054,0.743
2.540982,0.0204,0.7320,0.1049,0.740
2.550272,0.0204,0.7275,0.1042,0.735
2.561798,0.0205,0.7237,0.1035,0.731
2.570769,0.0206,0.7221,0.1033,0.730
2.581293,0.0208,0.7228,0.1034,0.730
2.591356,0.0210,0.7256,0.1038,0.733
2.601680,0.0212,0.7291,0.1043,0.737
2.611957,0.0215,0.7337,0.1050,0.742
2.621525,0.0217,0.7383,0.1056,0.746
2.632116,0.0219,0.7437,0.1064,0.752
2.642323,0.0221,0.7505,0.1073,0.758
2.652544,0.0225,0.7585,0.1083,0.767
2.668516,0.0229,0.7681,0.1095,0.776
2.672597,0.0233,0.7781,0.1109,0.786
2.682731,0.0237,0.7871,0.1124,0.795
2.693220,0.0240,0.7944,0.1136,0.803
2.703187,0.0243,0.8019,0.1150,0.810
2.713322,0.0245,0.8084,0.1162,0.817
2.722646,0.0246,0.8147,0.1176,0.824
2.732790,0.0246,0.8196,0.1186,0.829
2.744069,0.0247,0.8243,0.1196,0.833
2.753468,0.0246,0.8307,0.1207,0.840
2.768218,0.0246,0.8362,0.1217,0.845
2.773479,0.0244,0.8392,0.1222,0.848
2.784174,0.0242,0.8405,0.1224,0.850
2.794430,0.0240,0.8403,0.1224,0.850
2.804516,0.0238,0.8389,0.1221,0.848
2.813869,0.0234,0.8360,0.1216,0.845
2.824695,0.0230,0.8323,0.1209,0.841
2.834590,0.0227,0.8277,0.1202,0.837
2.846763,0.0224,0.8229,0.1194,0.832
2.854799,0.0220,0.8159,0.1184,0.825
2.865328,0.0216,0.8073,0.1171,0.816
2.875789,0.0212,0.7978,0.1156,0.806
2.885300,0.0209,0.7899,0.1144,0.798
2.896720,0.0206,0.7836,0.1136,0.792
2.905830,0.0203,0.7790,0.1129,0.787
2.915507,0.0200,0.7761,0.1125,0.784
2.926388,0.0198,0.7743,0.1122,0.783
2.935951,0.0196,0.7740,0.1120,0.782
2.947430,0.0194,0.7731,0.1119,0.781
2.956729,0.0193,0.7720,0.1117,0.780
2.966384,0.0193,0.7714,0.1116,0.780
2.976590,0.0193,0.7725,0.1118,0.781
2.986653,0.0194,0.7728,0.1118,0.781
2.996748,0.0193,0.7731,0.1120,0.781
3.006939,0.0194,0.7749,0.1124,0.783
3.017265,0.0194,0.7764,0.1127,0.785
3.027472,0.0195,0.7775,0.1130,0.786
3.037392,0.0195,0.7786,0.1132,0.787
3.047420,0.0194,0.7794,0.1134,0.788
3.057598,0.0193,0.7805,0.1137,0.789
3.067235,0.0193,0.7823,0.1141,0.791
3.078283,0.0192,0.7833,0.1144,0.792
3.088050,0.0191,0.7846,0.1147,0.793
3.097828,0.0191,0.7853,0.1147,0.794
3.108403,0.0191,0.7843,0.1146,0.793
3.117720,0.0192,0.7829,0.1145,0.791
3.129895,0.0192,0.7812,0.1143,0.790
3.138348,0.0194,0.7791,0.1140,0.788
3.148997,0.0195,0.7776,0.1137,0.786
3.158804,0.0195,0.7758,0.1135,0.784
3.169191,0.0194,0.7728,0.1132,0.781
3.185329,0.0194,0.7693,0.1127,0.778
3.189437,0.0193,0.7674,0.1125,0.776
3.199280,0.0193,0.7650,0.1123,0.773
3.209411,0.0192,0.7613,0.1117,0.770
3.219685,0.0192,0.7583,0.1113,0.767
3.229681,0.0192,0.7566,0.1112,0.765
3.239337,0.0192,0.7550,0.1112,0.763
3.249839,0.0193,0.7539,0.1111,0.762
3.260477,0.0195,0.7541,0.1111,0.763
3.270535,0.0196,0.7528,0.1109,0.761
3.280336,0.0197,0.7519,0.1108,0.760
3.290648,0.0198,0.7511,0.1108,0.759
3.300804,0.0199,0.7515,0.1110,0.760
3.310734,0.0200,0.7521,0.1112,0.761
3.321124,0.0202,0.7530,0.1113,0.761
3.331597,0.0204,0.7541,0.1115,0.763
3.342034,0.0205,0.7547,0.1118,0.763
3.351229,0.0207,0.7537,0.1117,0.762
3.367450,0.0208,0.7532,0.1118,0.762
3.371916,0.0210,0.7534,0.1119,0.762
3.381628,0.0211,0.7532,0.1120,0.762
3.392068,0.0212,0.7519,0.1118,0.760
3.401649,0.0212,0.7500,0.1115,0.759
3.412879,0.0213,0.7472,0.1111,0.756
3.422355,0.0212,0.7446,0.1108,0.753
3.432173,0.0212,0.7408,0.1103,0.749
3.442488,0.0211,0.7364,0.1098,0.745
3.452923,0.0209,0.7313,0.1091,0.740
3.468336,0.0207,0.7265,0.1085,0.735
3.473061,0.0206,0.7229,0.1081,0.731
3.482758,0.0204,0.7197,0.1077,0.728
3.493640,0.0204,0.7171,0.1074,0.725
3.503420,0.0204,0.7138,0.1070,0.722
3.513157,0.0204,0.7115,0.1069,0.720
3.523314,0.0204,0.7110,0.1070,0.719
3.533322,0.0204,0.7113,0.1071,0.720
3.544496,0.0204,0.7132,0.1074,0.722
3.553683,0.0204,0.7181,0.1081,0.726
3.568083,0.0206,0.7241,0.1088,0.733
3.573861,0.0207,0.7316,0.1097,0.740
3.584415,0.0208,0.7378,0.1105,0.746
3.594901,0.0209,0.7430,0.1112,0.752
3.605351,0.0211,0.7488,0.1120,0.757
3.614434,0.0212,0.7543,0.1128,0.763
3.625066,0.0212,0.7592,0.1136,0.768
3.635200,0.0212,0.7634,0.1141,0.772
3.646462,0.0214,0.7677,0.1146,0.777
3.655352,0.0215,0.7711,0.1151,0.780
3.665709,0.0216,0.7738,0.1153,0.783
3.676111,0.0217,0.7763,0.1157,0.785
3.685657,0.0217,0.7798,0.1160,0.789
3.696321,0.0217,0.7815,0.1162,0.790
3.705952,0.0217,0.7839,0.1164,0.793
3.716221,0.0216,0.7863,0.1166,0.795
3.726262,0.0214,0.7867,0.1166,0.796
3.736206,0.0196,0.7850,0.1164,0.794
3.746676,0.0180,0.7828,0.1170,0.792
3.756532,0.0162,0.7783,0.1187,0.787
3.766482,0.0139,0.7715,0.1203,0.781
3.777320,0.0122,0.7638,0.1214,0.773
3.786499,0.0116,0.7574,0.1215,0.767
3.797410,0.0103,0.7512,0.1208,0.761
3.806999,0.0088,0.7451,0.1199,0.755
3.817150,0.0079,0.7407,0.1182,0.750
3.827359,0.0080,0.7365,0.1161,0.746
3.837809,0.0085,0.7345,0.1158,0.744
3.847959,0.0076,0.7328,0.1152,0.742
3.858602,0.0072,0.7323,0.1149,0.741
3.867979,0.0074,0.7308,0.1152,0.740
3.885042,0.0089,0.7297,0.1149,0.739
3.888393,0.0101,0.7285,0.1163,0.738
3.898279,0.0103,0.7287,0.1169,0.738
3.909000,0.0109,0.7281,0.1177,0.738
3.918378,0.0103,0.7269,0.1171,0.736
3.929724,0.0112,0.7251,0.1166,0.734
3.939015,0.0115,0.7238,0.1163,0.733
3.949135,0.0117,0.7221,0.1162,0.731
3.959829,0.0121,0.7211,0.1152,0.730
3.969715,0.0124,0.7201,0.1146,0.729
3.984338,0.0124,0.7191,0.1156,0.728
3.989840,0.0123,0.7181,0.1174,0.728
3.999587,0.0116,0.7177,0.1191,0.728
4.009942,0.0111,0.7176,0.1198,0.728
4.019858,0.0116,0.7173,0.1204,0.727
4.029882,0.0113,0.7176,0.1211,0.728
4.040614,0.0111,0.7177,0.1202,0.728
4.049918,0.0123,0.7178,0.1207,0.728
4.060670,0.0122,0.7177,0.1215,0.728
4.070958,0.0124,0.7187,0.1217,0.729
4.084571,0.0120,0.7184,0.1231,0.729
4.091013,0.0103,0.7181,0.1227,0.729
4.101630,0.0092,0.7173,0.1222,0.728
4.112590,0.0091,0.7179,0.1214,0.728
4.121115,0.0090,0.7193,0.1218,0.730
4.131025,0.0082,0.7207,0.1221,0.731
4.141351,0.0078,0.7219,0.1211,0.732
4.151987,0.0086,0.7225,0.1195,0.732
4.162778,0.0092,0.7230,0.1190,0.733
4.172446,0.0104,0.7235,0.1191,0.733
4.182014,0.0105,0.7245,0.1192,0.734
4.193121,0.0097,0.7256,0.1187,0.735
4.202622,0.0096,0.7270,0.1191,0.737
4.212724,0.0088,0.7289,0.1194,0.739
4.222466,0.0078,0.7304,0.1194,0.740
4.233156,0.0064,0.7317,0.1188,0.741
4.243339,0.0053,0.7330,0.1197,0.743
4.252973,0.0031,0.7344,0.1204,0.744
4.263486,0.0013,0.7364,0.1203,0.746
4.273011,-0.0002,0.7372,0.1197,0.747
4.285300,-0.0023,0.7390,0.1190,0.749
4.293730,-0.0035,0.7400,0.1184,0.749
4.303235,-0.0038,0.7410,0.1177,0.750
4.313567,-0.0054,0.7420,0.1172,0.751
4.324462,-0.0067,0.7429,0.1160,0.752
4.334172,-0.0079,0.7453,0.1145,0.754
4.346070,-0.0105,0.7481,0.1137,0.757
4.353979,-0.0139,0.7506,0.1132,0.759
4.364193,-0.0162,0.7525,0.1137,0.761
4.374849,-0.0189,0.7546,0.1143,0.763
4.384925,-0.0207,0.7550,0.1165,0.764
4.395967,-0.0219,0.7566,0.1216,0.767
4.405203,-0.0228,0.7577,0.1282,0.769
4.415174,-0.0228,0.7581,0.1341,0.770
4.425637,-0.0227,0.7576,0.1392,0.771
4.435528,-0.0236,0.7574,0.1439,0.771
4.447105,-0.0263,0.7593,0.1481,0.774
4.456088,-0.0291,0.7628,0.1514,0.778
4.466455,-0.0335,0.7667,0.1543,0.783
4.476618,-0.0387,0.7726,0.1585,0.790
4.486159,-0.0432,0.7793,0.1606,0.797
4.496929,-0.0467,0.7861,0.1630,0.804
4.507204,-0.0500,0.7919,0.1650,0.810
4.516432,-0.0521,0.7960,0.1660,0.815
4.527036,-0.0543,0.7982,0.1676,0.817
4.537063,-0.0570,0.7989,0.1685,0.818
4.546731,-0.0581,0.7989,0.1692,0.819
4.557071,-0.0576,0.7996,0.1707,0.820
4.566934,-0.0576,0.8005,0.1699,0.820
4.577364,-0.0562,0.8009,0.1684,0.820
4.587172,-0.0546,0.8015,0.1658,0.820
4.597472,-0.0519,0.8005,0.1608,0.818
4.608281,-0.0498,0.8003,0.1552,0.817
4.617456,-0.0488,0.8005,0.1523,0.816
4.629046,-0.0488,0.8021,0.1526,0.818
4.637806,-0.0480,0.8031,0.1524,0.819
4.648767,-0.0453,0.8007,0.1522,0.816
4.658310,-0.0414,0.7968,0.1518,0.812
4.668383,-0.0348,0.7919,0.1522,0.807
4.684925,-0.0281,0.7866,0.1518,0.802
4.689542,-0.0213,0.7811,0.1525,0.796
4.698596,-0.0162,0.7744,0.1526,0.789
4.709218,-0.0127,0.7679,0.1531,0.783
4.718601,-0.0105,0.7629,0.1552,0.779
4.729541,-0.0070,0.7585,0.1576,0.775
4.739342,-0.0024,0.7542,0.1600,0.771
4.749251,0.0008,0.7509,0.1618,0.768
4.760083,0.0033,0.7481,0.1624,0.766
4.769560,0.0054,0.7443,0.1638,0.762
4.783804,0.0057,0.7427,0.1654,0.761
4.789716,0.0051,0.7423,0.1668,0.761
4.800090,0.0028,0.7436,0.1688,0.763
4.810001,0.0013,0.7449,0.1689,0.764
4.820874,-0.0002,0.7465,0.1677,0.765
4.830473,-0.0015,0.7470,0.1632,0.765
4.841085,-0.0027,0.7473,0.1593,0.764
4.851132,-0.0061,0.7489,0.1554,0.765
4.862583,-0.0090,0.7496,0.1526,0.765
4.871250,-0.0130,0.7499,0.1496,0.765
4.881992,-0.0160,0.7500,0.1471,0.764
4.892235,-0.0183,0.7490,0.1449,0.763
4.901821,-0.0202,0.7494,0.1436,0.763
4.913090,-0.0214,0.7505,0.1419,0.764
4.921554,-0.0232,0.7507,0.1388,0.764
4.932708,-0.0265,0.7520,0.1355,0.765
4.941916,-0.0291,0.7555,0.1326,0.768
4.952069,-0.0303,0.7611,0.1296,0.773
4.962789,-0.0322,0.7685,0.1273,0.780
4.972450,-0.0331,0.7773,0.1255,0.788
4.983047,-0.0326,0.7864,0.1258,0.797
4.992914,-0.0310,0.7943,0.1267,0.805
5.002959,-0.0288,0.8011,0.1278,0.812
5.012918,-0.0270,0.8060,0.1316,0.817
5.022761,-0.0240,0.8104,0.1360,0.822
5.033501,-0.0205,0.8149,0.1431,0.828
5.043490,-0.0166,0.8193,0.1518,0.833
5.053360,-0.0112,0.8218,0.1596,0.837
5.063697,-0.0066,0.8251,0.1663,0.842
5.074259,-0.0011,0.8279,0.1714,0.845
5.083445,0.0031,0.8287,0.1755,0.847
5.094020,0.0070,0.8289,0.1785,0.848
5.104170,0.0113,0.8296,0.1811,0.849
5.114040,0.0158,0.8315,0.1850,0.852
5.124498,0.0209,0.8362,0.1893,0.858
5.133957,0.0258,0.8420,0.1932,0.864
5.145350,0.0299,0.8475,0.1978,0.871
5.154829,0.0326,0.8499,0.2023,0.874
5.165495,0.0358,0.8496,0.2070,0.875
5.175228,0.0375,0.8473,0.2112,0.874
5.185160,0.0375,0.8430,0.2122,0.870
5.195356,0.0358,0.8388,0.2119,0.866
5.205413,0.0349,0.8338,0.2100,0.861
5.215629,0.0330,0.8306,0.2063,0.856
5.225848,0.0308,0.8272,0.2008,0.852
5.235973,0.0295,0.8239,0.1928,0.847
5.246239,0.0282,0.8200,0.1829,0.841
5.256196,0.0269,0.8171,0.1751,0.836
5.266134,0.0249,0.8128,0.1674,0.830
5.276980,0.0229,0.8104,0.1610,0.827
5.286163,0.0201,0.8094,0.1561,0.825
5.296639,0.0169,0.8099,0.1530,0.824
5.306763,0.0114,0.8100,0.1511,0.824
5.317052,0.0047,0.8087,0.1487,0.822
5.327437,-0.0030,0.8048,0.1470,0.818
5.336938,-0.0119,0.8001,0.1448,0.813
5.346743,-0.0231,0.7931,0.1427,0.806
5.357531,-0.0347,0.7861,0.1401,0.799
5.367903,-0.0465,0.7789,0.1363,0.792
5.383524,-0.0572,0.7726,0.1324,0.786
5.387628,-0.0681,0.7686,0.1296,0.782
5.398406,0.0136,0.7641,0.1143,0.773
5.408771,0.0128,0.7626,0.1141,0.771
5.417878,0.0123,0.7619,0.1141,0.770
5.428542,0.0118,0.7631,0.1145,0.772
5.438072,0.0113,0.7654,0.1153,0.774
5.448813,0.0109,0.7699,0.1164,0.779
5.458812,0.0107,0.7751,0.1176,0.784
5.468750,0.0105,0.7801,0.1187,0.789
5.483247,0.0104,0.7843,0.1198,0.793
5.489216,0.0103,0.7877,0.1205,0.797
5.498945,0.0103,0.7903,0.1212,0.800
5.509567,0.0105,0.7914,0.1215,0.801
5.519958,0.0107,0.7921,0.1218,0.801
5.529590,0.0110,0.7925,0.1222,0.802
5.539960,0.0114,0.7924,0.1225,0.802
5.549574,0.0120,0.7927,0.1230,0.802
5.560467,0.0127,0.7943,0.1237,0.804
5.570183,0.0133,0.7972,0.1247,0.807
5.582800,0.0140,0.8008,0.1258,0.811
5.589967,0.0147,0.8030,0.1267,0.813
5.600912,0.0153,0.8059,0.1278,0.816
5.612279,0.0156,0.8058,0.1284,0.816
5.620959,0.0157,0.8049,0.1288,0.815
5.630772,0.0157,0.8020,0.1288,0.812
5.641279,0.0158,0.7993,0.1289,0.810
5.651383,0.0157,0.7944,0.1286,0.805
5.661791,0.0156,0.7893,0.1282,0.800
5.672180,0.0155,0.7849,0.1281,0.795
5.682529,0.0151,0.7808,0.1280,0.791
5.692698,0.0147,0.7779,0.1282,0.789
5.701755,0.0140,0.7750,0.1282,0.786
5.712530,0.0134,0.7738,0.1285,0.784
5.722008,0.0129,0.7720,0.1287,0.783
5.732485,0.0124,0.7705,0.1287,0.781
5.742733,0.0121,0.7690,0.1286,0.780
5.753070,0.0118,0.7676,0.1284,0.778
5.762970,0.0115,0.7661,0.1281,0.777
5.773154,0.0113,0.7643,0.1278,0.775
5.783038,0.0111,0.7622,0.1273,0.773
5.793146,0.0108,0.7603,0.1268,0.771
5.803617,0.0108,0.7588,0.1261,0.769
5.813627,0.0109,0.7582,0.1256,0.769
5.824092,0.0111,0.7578,0.1251,0.768
5.833487,0.0114,0.7582,0.1247,0.768
5.844887,0.0117,0.7576,0.1239,0.768
5.854454,0.0120,0.7585,0.1235,0.769
5.864729,0.0122,0.7580,0.1228,0.768
5.874452,0.0124,0.7584,0.1222,0.768
5.884414,0.0128,0.7593,0.1217,0.769
5.895250,0.0133,0.7592,0.1211,0.769
5.904850,0.0139,0.7586,0.1205,0.768
5.914703,0.0145,0.7581,0.1198,0.768
5.925053,0.0151,0.7574,0.1190,0.767
5.935089,0.0155,0.7573,0.1186,0.767
5.946628,0.0159,0.7568,0.1183,0.766
5.955033,0.0161,0.7566,0.1181,0.766
5.965759,0.0163,0.7573,0.1181,0.767
5.976226,0.0166,0.7578,0.1183,0.767
5.985619,0.0169,0.7591,0.1187,0.768
5.995578,0.0171,0.7601,0.1191,0.770
6.005678,0.0173,0.7608,0.1194,0.770
6.015676,0.0176,0.7614,0.1198,0.771
6.026092,0.0178,0.7607,0.1200,0.770
6.036151,0.0180,0.7602,0.1201,0.770
6.045975,0.0181,0.7595,0.1201,0.769
6.056312,0.0182,0.7579,0.1201,0.768
6.066600,0.0182,0.7575,0.1202,0.767
6.076983,0.0182,0.7573,0.1206,0.767
6.086992,0.0181,0.7557,0.1207,0.765
6.097058,0.0181,0.7551,0.1211,0.765
6.106936,0.0181,0.7545,0.1215,0.764
6.116947,0.0180,0.7538,0.1218,0.764
6.128734,0.0179,0.7543,0.1224,0.764
6.137562,0.0178,0.7542,0.1226,0.764
6.147747,0.0178,0.7542,0.1227,0.764
6.158463,0.0180,0.7540,0.1229,0.764
6.168159,0.0180,0.7540,0.1232,0.764
6.183695,0.0181,0.7547,0.1235,0.765
6.188488,0.0181,0.7556,0.1238,0.766
6.197887,0.0181,0.7562,0.1242,0.767
6.208494,0.0182,0.7570,0.1246,0.767
6.218296,0.0181,0.7578,0.1250,0.768
6.228436,0.0178,0.7589,0.1256,0.769
6.238497,0.0175,0.7604,0.1263,0.771
6.248672,0.0171,0.7624,0.1271,0.773
6.259236,0.0167,0.7656,0.1281,0.776
6.268817,0.0162,0.7679,0.1291,0.779
6.282535,0.0156,0.7691,0.1298,0.780
6.289386,0.0150,0.7714,0.1306,0.783
6.299190,0.0143,0.7727,0.1309,0.784
6.309691,0.0136,0.7749,0.1314,0.786
6.319942,0.0130,0.7765,0.1318,0.788
6.330071,0.0125,0.7783,0.1322,0.789
6.340679,0.0120,0.7799,0.1326,0.791
6.350146,0.0114,0.7824,0.1333,0.794
6.361405,0.0109,0.7862,0.1342,0.798
6.370450,0.0103,0.7891,0.1348,0.801
6.381509,0.0097,0.7912,0.1353,0.803
6.391245,0.0091,0.7933,0.1359,0.805
6.401429,0.0085,0.7943,0.1361,0.806
6.411344,0.0080,0.7954,0.1362,0.807
6.421485,0.0077,0.7966,0.1363,0.808
6.431770,0.0076,0.7974,0.1360,0.809
6.441397,0.0076,0.7975,0.1356,0.809
6.451324,0.0080,0.7973,0.1308,0.808
6.461468,0.0095,0.7959,0.1244,0.806
6.471766,0.0141,0.7956,0.1162,0.804
6.482227,0.0218,0.7964,0.1055,0.804
6.492592,0.0306,0.7960,0.0945,0.802
6.502441,0.0408,0.7955,0.0848,0.801
6.512659,0.0511,0.7952,0.0755,0.800
6.522161,0.0606,0.7952,0.0673,0.800
6.532415,0.0695,0.7944,0.0599,0.800
6.542928,0.0780,0.7937,0.0522,0.799
6.552430,0.0134,0.7794,0.1256,0.790
6.562646,0.0140,0.7750,0.1241,0.785
6.573488,0.0147,0.7705,0.1226,0.780
6.583552,0.0154,0.7668,0.1213,0.776
6.595003,0.0162,0.7630,0.1200,0.773
6.604538,0.0169,0.7592,0.1190,0.769
6.613764,0.0174,0.7550,0.1180,0.764
6.624172,0.0179,0.7501,0.1171,0.759
6.633728,0.0182,0.7460,0.1164,0.755
6.644740,0.0184,0.7414,0.1159,0.751
6.654686,0.0188,0.7389,0.1156,0.748
6.664785,0.0191,0.7372,0.1156,0.746
6.675276,0.0194,0.7351,0.1156,0.744
6.685000,0.0195,0.7325,0.1157,0.742
6.694452,0.0196,0.7312,0.1161,0.741
6.704671,0.0197,0.7296,0.1165,0.739
6.715035,0.0197,0.7272,0.1168,0.737
6.725461,0.0197,0.7242,0.1168,0.734
6.735534,0.0198,0.7225,0.1171,0.732
6.744983,0.0198,0.7204,0.1172,0.730
6.756282,0.0197,0.7189,0.1174,0.729
6.765565,0.0196,0.7192,0.1179,0.729
6.775670,0.0195,0.7191,0.1184,0.729
6.785922,0.0193,0.7195,0.1189,0.730
6.795879,0.0190,0.7182,0.1190,0.728
6.806192,0.0188,0.7161,0.1191,0.726
6.816023,0.0187,0.7144,0.1192,0.724
6.827537,0.0186,0.7137,0.1195,0.724
6.836773,0.0186,0.7129,0.1196,0.723
6.846288,0.0186,0.7138,0.1200,0.724
6.857044,0.0186,0.7140,0.1202,0.724
6.867148,0.0185,0.7137,0.1203,0.724
6.882605,0.0185,0.7145,0.1205,0.725
6.887249,0.0185,0.7162,0.1208,0.727
6.897697,0.0186,0.7168,0.1209,0.727
6.907492,0.0187,0.7179,0.1211,0.728
6.917154,0.0187,0.7188,0.1213,0.729
6.928092,0.0187,0.7209,0.1220,0.731
6.937442,0.0187,0.7233,0.1227,0.734
6.948022,0.0188,0.7272,0.1238,0.738
6.958530,0.0189,0.7305,0.1249,0.741
6.968112,0.0190,0.7327,0.1259,0.744
6.982702,0.0192,0.7357,0.1270,0.747
6.988674,0.0193,0.7381,0.1279,0.749
6.998149,0.0196,0.7419,0.1291,0.753
7.009235,0.0197,0.7477,0.1305,0.759
7.018724,0.0199,0.7538,0.1319,0.765
7.029280,0.0200,0.7594,0.1332,0.771
7.039295,0.0202,0.7649,0.1345,0.777
7.049106,0.0205,0.7694,0.1357,0.782
7.059980,0.0207,0.7729,0.1367,0.785
7.069964,0.0208,0.7764,0.1377,0.789
7.082428,0.0209,0.7792,0.1386,0.792
7.089739,0.0208,0.7816,0.1393,0.794
7.100224,0.0205,0.7835,0.1400,0.796
7.110372,0.0202,0.7846,0.1405,0.797
7.120059,0.0198,0.7865,0.1412,0.799
7.130768,0.0193,0.7876,0.1416,0.800
7.140685,0.0186,0.7871,0.1418,0.800
7.150637,0.0181,0.7861,0.1419,0.799
7.162147,0.0178,0.7853,0.1420,0.798
7.172149,0.0174,0.7831,0.1417,0.796
7.180970,0.0170,0.7798,0.1412,0.793
7.192074,0.0165,0.7763,0.1406,0.789
7.201611,0.0162,0.7729,0.1401,0.786
7.211338,0.0158,0.7698,0.1394,0.782
7.221668,0.0154,0.7672,0.1389,0.780
7.231498,0.0148,0.7641,0.1383,0.777
7.241887,0.0141,0.7616,0.1377,0.774
7.251996,0.0134,0.7587,0.1370,0.771
7.261859,0.0127,0.7565,0.1365,0.769
7.272967,0.0122,0.7542,0.1360,0.766
7.282708,0.0118,0.7520,0.1355,0.764
7.299544,0.0116,0.7508,0.1352,0.763
7.302589,0.0115,0.7498,0.1350,0.762
7.312951,0.0116,0.7494,0.1349,0.762
7.322925,0.0119,0.7482,0.1346,0.760
7.332857,0.0123,0.7479,0.1345,0.760
7.343872,0.0128,0.7476,0.1344,0.760
7.352946,0.0131,0.7465,0.1342,0.759
7.363329,0.0134,0.7455,0.1340,0.758
7.373286,0.0137,0.7444,0.1337,0.756
7.383906,0.0139,0.7421,0.1332,0.754
7.398339,0.0142,0.7396,0.1327,0.752
7.403788,0.0143,0.7366,0.1321,0.748
7.414063,0.0145,0.7328,0.1314,0.745
7.424112,0.0148,0.7283,0.1306,0.740
7.434786,0.0152,0.7257,0.1302,0.737
7.445531,0.0157,0.7237,0.1299,0.735
7.454211,0.0163,0.7213,0.1296,0.733
7.464903,0.0168,0.7191,0.1292,0.731
7.475106,0.0172,0.7173,0.1288,0.729
7.485421,0.0176,0.7148,0.1283,0.726
7.499836,0.0179,0.7125,0.1279,0.724
7.505374,0.0182,0.7109,0.1275,0.722
7.515133,0.0183,0.7092,0.1271,0.721
7.525595,0.0184,0.7095,0.1270,0.721
7.535610,0.0185,0.7086,0.1268,0.720
7.545659,0.0186,0.7080,0.1265,0.719
7.556501,0.0186,0.7089,0.1266,0.720
7.566310,0.0186,0.7110,0.1269,0.723
7.582307,0.0186,0.7138,0.1272,0.725
7.586060,0.0188,0.7192,0.1281,0.731
7.597205,0.0189,0.7249,0.1290,0.737
7.607207,0.0191,0.7316,0.1302,0.743
7.617134,0.0193,0.7374,0.1312,0.749
7.627405,0.0194,0.7424,0.1321,0.754
7.637224,0.0195,0.7463,0.1328,0.758
7.647198,0.0195,0.7486,0.1331,0.761
7.657852,0.0197,0.7520,0.1338,0.764
7.668049,0.0197,0.7541,0.1342,0.766
7.681876,0.0197,0.7560,0.1347,0.768
7.687972,0.0196,0.7580,0.1351,0.770
7.697658,0.0195,0.7584,0.1353,0.771
7.708001,0.0194,0.7596,0.1357,0.772
7.717772,0.0193,0.7606,0.1360,0.773
7.728225,0.0193,0.7612,0.1361,0.773
7.738247,0.0193,0.7615,0.1363,0.774
7.748904,0.0182,0.7619,0.1370,0.774
7.758794,0.0169,0.7612,0.1372,0.774
7.769102,0.0166,0.7599,0.1378,0.772
7.782275,0.0163,0.7593,0.1375,0.772
7.789073,0.0171,0.7591,0.1378,0.772
7.798655,0.0175,0.7589,0.1389,0.772
7.810551,0.0174,0.7582,0.1387,0.771
7.819370,0.0174,0.7577,0.1393,0.771
7.829541,0.0173,0.7575,0.1398,0.771
7.839980,0.0183,0.7572,0.1399,0.770
7.849586,0.0189,0.7571,0.1405,0.770
7.861101,0.0185,0.7564,0.1399,0.769
7.870754,0.0185,0.7562,0.1389,0.769
7.880224,0.0196,0.7559,0.1385,0.769
7.890981,0.0222,0.7551,0.1385,0.768
7.900584,0.0248,0.7548,0.1394,0.768
7.910662,0.0272,0.7538,0.1406,0.767
7.920545,0.0294,0.7542,0.1423,0.768
7.930838,0.0297,0.7540,0.1447,0.768
7.940775,0.0303,0.7535,0.1469,0.768
7.951367,0.0310,0.7530,0.1495,0.768
7.961166,0.0318,0.7510,0.1512,0.767
7.971763,0.0318,0.7473,0.1523,0.763
7.981854,0.0314,0.7430,0.1542,0.759
7.992516,0.0311,0.7391,0.1551,0.756
8.002002,0.0305,0.7350,0.1547,0.752
8.012616,0.0312,0.7312,0.1549,0.748
8.021832,0.0314,0.7294,0.1540,0.746
8.032523,0.0314,0.7276,0.1537,0.744
8.042139,0.0305,0.7265,0.1548,0.743
8.053237,0.0291,0.7253,0.1535,0.742
8.062215,0.0273,0.7240,0.1527,0.740
8.073335,0.0261,0.7236,0.1527,0.740
8.083437,0.0247,0.7243,0.1519,0.741
8.099187,0.0230,0.7251,0.1502,0.741
8.103104,0.0201,0.7259,0.1474,0.741
8.113394,0.0183,0.7262,0.1441,0.741
8.123329,0.0185,0.7248,0.1413,0.739
8.133661,0.0201,0.7236,0.1376,0.737
8.143731,0.0210,0.7239,0.1340,0.737
8.153919,0.0233,0.7241,0.1297,0.736
8.163823,0.0256,0.7256,0.1260,0.737
8.174414,0.0282,0.7282,0.1228,0.739
8.184572,0.0302,0.7314,0.1192,0.742
8.198090,0.0313,0.7342,0.1171,0.744
8.204746,0.0322,0.7371,0.1157,0.747
8.214910,0.0323,0.7396,0.1135,0.749
8.225511,0.0318,0.7418,0.1114,0.751
8.235267,0.0321,0.7448,0.1081,0.753
8.244878,0.0327,0.7463,0.1048,0.754
8.255114,0.0340,0.7486,0.1040,0.757
8.265233,0.0364,0.7517,0.1037,0.760
8.275718,0.0384,0.7537,0.1039,0.762
8.285565,0.0395,0.7552,0.1039,0.763
8.298020,0.0394,0.7569,0.1053,0.765
8.305573,0.0396,0.7596,0.1061,0.768
8.316067,0.0385,0.7619,0.1073,0.770
8.327498,0.0370,0.7654,0.1090,0.774
8.336323,0.0347,0.7682,0.1111,0.777
8.346187,0.0328,0.7692,0.1126,0.778
8.356843,0.0308,0.7704,0.1145,0.780
8.367052,0.0292,0.7726,0.1174,0.782
8.377625,0.0286,0.7751,0.1202,0.785
8.387253,0.0294,0.7782,0.1233,0.789
8.398838,0.0292,0.7798,0.1250,0.790
8.407332,0.0285,0.7807,0.1268,0.791
8.417602,0.0274,0.7823,0.1299,0.793
8.427760,0.0276,0.7837,0.1325,0.795
8.437610,0.0276,0.7840,0.1357,0.796
8.447326,0.0264,0.7849,0.1388,0.798
8.457882,0.0256,0.7866,0.1409,0.800
8.467582,0.0246,0.7881,0.1421,0.801
8.481914,0.0235,0.7895,0.1420,0.802
8.488440,0.0224,0.7915,0.1424,0.805
8.497740,0.0224,0.7937,0.1426,0.807
8.508472,0.0239,0.7955,0.1441,0.809
8.518541,0.0248,0.7974,0.1460,0.811
8.529171,0.0252,0.7976,0.1475,0.812
8.538554,0.0263,0.7983,0.1495,0.813
8.549268,0.0265,0.7996,0.1535,0.815
8.561029,0.0271,0.7990,0.1581,0.815
8.569135,0.0276,0.7955,0.1621,0.812
8.578808,0.0262,0.7916,0.1654,0.809
8.589770,0.0240,0.7880,0.1684,0.806
8.599501,0.0225,0.7845,0.1722,0.803
8.610207,0.0222,0.7824,0.1749,0.802
8.619876,0.0224,0.7789,0.1773,0.799
8.630080,0.0225,0.7754,0.1798,0.796
8.640490,0.0232,0.7740,0.1814,0.795
8.650700,0.0247,0.7714,0.1810,0.793
8.661029,0.0255,0.7689,0.1817,0.790
8.671081,0.0258,0.7654,0.1835,0.788
8.681094,0.0252,0.7627,0.1853,0.785
8.691318,0.0245,0.7596,0.1858,0.782
8.701467,0.0243,0.7564,0.1850,0.779
8.710590,0.0229,0.7522,0.1843,0.775
8.721300,0.0221,0.7480,0.1823,0.770
8.730991,0.0211,0.7449,0.1803,0.767
8.741491,0.0189,0.7422,0.1781,0.764
8.751685,0.0171,0.7401,0.1741,0.761
8.761446,0.0141,0.7410,0.1699,0.760
8.771839,0.0128,0.7445,0.1652,0.763
8.781866,0.0133,0.7481,0.1614,0.765
8.799772,0.0150,0.7504,0.1587,0.767
8.802703,0.0178,0.7522,0.1550,0.768
8.812644,0.0200,0.7536,0.1509,0.769
8.822262,0.0233,0.7556,0.1465,0.770
8.832310,0.0257,0.7564,0.1418,0.770
8.843480,0.0268,0.7561,0.1385,0.769
8.852735,0.0281,0.7560,0.1373,0.769
8.862904,0.0302,0.7547,0.1362,0.767
8.873682,0.0322,0.7545,0.1337,0.767
8.883316,0.0355,0.7547,0.1311,0.767
8.897376,0.0395,0.7556,0.1291,0.768
8.903323,0.0417,0.7562,0.1285,0.768
8.913667,0.0431,0.7565,0.1275,0.768
8.924032,0.0437,0.7584,0.1275,0.770
8.934520,0.0448,0.7599,0.1273,0.772
8.944553,0.0466,0.7607,0.1272,0.773
8.954772,0.0478,0.7618,0.1270,0.774
8.964475,0.0496,0.7611,0.1257,0.773
8.974671,0.0501,0.7597,0.1261,0.772
8.985216,0.0499,0.7583,0.1256,0.770
8.997443,0.0481,0.7573,0.1242,0.769
9.005009,0.0454,0.7567,0.1236,0.768
9.014941,0.0428,0.7553,0.1231,0.766
9.026550,0.0400,0.7548,0.1225,0.766
9.035211,0.0379,0.7558,0.1222,0.767
9.045415,0.0360,0.7572,0.1226,0.768
9.055508,0.0337,0.7584,0.1227,0.769
9.065681,0.0304,0.7609,0.1216,0.771
9.076988,0.0276,0.7636,0.1208,0.774
9.086278,0.0240,0.7664,0.1203,0.776
9.096188,0.0213,0.7677,0.1196,0.777
9.106317,0.0185,0.7697,0.1190,0.779
9.116348,0.0170,0.7714,0.1186,0.781
9.127122,0.0161,0.7717,0.1177,0.781
9.136308,0.0154,0.7724,0.1168,0.781
9.146772,0.0152,0.7736,0.1165,0.782
9.157121,0.0154,0.7747,0.1166,0.784
9.167330,0.0148,0.7760,0.1178,0.785
9.176736,0.0154,0.7774,0.1174,0.786
9.187189,0.0151,0.7797,0.1177,0.789
9.197586,0.0149,0.7811,0.1197,0.790
9.207258,0.0142,0.7809,0.1226,0.791
9.217606,0.0120,0.7816,0.1282,0.792
9.227395,0.0084,0.7808,0.1353,0.792
9.237834,0.0037,0.7790,0.1413,0.792
9.247911,-0.0010,0.7780,0.1455,0.791
9.258467,-0.0066,0.7776,0.1484,0.792
9.268341,-0.0130,0.7773,0.1518,0.792
9.278476,-0.0207,0.7755,0.1546,0.791
9.288865,-0.0280,0.7729,0.1566,0.789
9.298827,-0.0367,0.7716,0.1618,0.789
9.309413,-0.0451,0.7699,0.1684,0.789
9.318427,-0.0546,0.7689,0.1746,0.790
9.329467,-0.0646,0.7678,0.1828,0.792
9.339273,-0.0752,0.7674,0.1928,0.795
9.349423,-0.0858,0.7668,0.2002,0.797
9.360291,-0.0952,0.7648,0.2055,0.798
9.369997,-0.1026,0.7633,0.2095,0.798
9.380388,-0.1108,0.7617,0.2162,0.799
9.390277,-0.1169,0.7601,0.2240,0.801
9.400854,-0.1212,0.7598,0.2306,0.803
9.409873,-0.1241,0.7622,0.2375,0.808
9.420600,-0.1243,0.7641,0.2426,0.811
9.430903,-0.1225,0.7655,0.2472,0.814
9.441246,-0.1203,0.7677,0.2540,0.818
9.451394,-0.1190,0.7695,0.2626,0.822
9.461377,-0.1188,0.7719,0.2714,0.827
9.471350,-0.1173,0.7733,0.2810,0.831
9.480707,-0.1141,0.7746,0.2925,0.836
9.491337,-0.1100,0.7770,0.3048,0.842
9.501519,-0.1050,0.7790,0.3148,0.847
9.511043,-0.0981,0.7805,0.3239,0.851
9.521397,-0.0901,0.7819,0.3316,0.854
9.532040,-0.0804,0.7844,0.3362,0.857
9.543949,-0.0706,0.7859,0.3377,0.858
9.552494,-0.0616,0.7865,0.3406,0.859
9.561999,-0.0540,0.7881,0.3445,0.862
9.572857,-0.0480,0.7902,0.3476,0.865
9.582290,-0.0417,0.7911,0.3483,0.865
9.598029,-0.0369,0.7903,0.3476,0.864
9.603293,-0.0331,0.7875,0.3456,0.861
9.612743,-0.0299,0.7848,0.3412,0.856
9.622831,-0.0283,0.7820,0.3355,0.851
9.633228,-0.0276,0.7811,0.3283,0.848
9.642669,-0.0259,0.7787,0.3198,0.842
9.653339,0.0171,0.8042,0.1571,0.820
9.663263,0.0173,0.7991,0.1553,0.814
9.673895,0.0176,0.7948,0.1535,0.810
9.684104,0.0179,0.7913,0.1518,0.806
9.697344,0.0180,0.7874,0.1500,0.802
9.703866,0.0182,0.7836,0.1484,0.798
9.713621,0.0181,0.7795,0.1465,0.793
9.724557,0.0182,0.7753,0.1447,0.789
9.734345,0.0179,0.7706,0.1429,0.784
9.744351,0.0176,0.7666,0.1414,0.780
9.754514,0.0173,0.7652,0.1403,0.778
9.764681,0.0169,0.7636,0.1393,0.776
9.776237,0.0167,0.7613,0.1384,0.774
9.785659,0.0165,0.7611,0.1378,0.774
9.795514,0.0163,0.7616,0.1374,0.774
9.805779,0.0162,0.7633,0.1372,0.776
9.815136,0.0160,0.7632,0.1369,0.776
9.826394,0.0158,0.7622,0.1364,0.775
9.835982,0.0156,0.7582,0.1355,0.770
9.846059,0.0153,0.7545,0.1347,0.767
9.856025,0.0150,0.7481,0.1338,0.760
9.866379,0.0148,0.7442,0.1334,0.756
9.876824,0.0147,0.7402,0.1332,0.752
9.886625,0.0146,0.7362,0.1331,0.748
9.896748,0.0145,0.7335,0.1333,0.746
9.907052,0.0144,0.7305,0.1334,0.743
9.917048,0.0144,0.7284,0.1338,0.741
9.926304,0.0145,0.7284,0.1347,0.741
9.936794,0.0148,0.7298,0.1358,0.742
9.947006,0.0152,0.7313,0.1371,0.744
9.957467,0.0157,0.7306,0.1379,0.744
9.967573,0.0163,0.7300,0.1387,0.743
9.977877,0.0168,0.7300,0.1396,0.743
9.988045,0.0172,0.7299,0.1403,0.743
9.997432,0.0175,0.7279,0.1407,0.742
10.009015,0.0178,0.7256,0.1409,0.739
10.018132,0.0181,0.7243,0.1413,0.738
10.028448,0.0184,0.7250,0.1419,0.739
10.038272,0.0188,0.7283,0.1431,0.742
10.048383,0.0190,0.7324,0.1441,0.747
10.059209,0.0191,0.7376,0.1453,0.752
10.068845,0.0190,0.7414,0.1460,0.756
10.078808,0.0189,0.7436,0.1463,0.758
10.089128,0.0189,0.7469,0.1467,0.761
10.098685,0.0189,0.7491,0.1471,0.764
10.109415,0.0188,0.7512,0.1475,0.766
10.119125,0.0187,0.7539,0.1480,0.769
10.129809,0.0185,0.7546,0.1481,0.769
10.139983,0.0181,0.7542,0.1480,0.769
10.149883,0.0178,0.7534,0.1479,0.768
10.159410,0.0174,0.7530,0.1477,0.768
10.170347,0.0172,0.7537,0.1478,0.768
10.179880,0.0169,0.7552,0.1481,0.770
10.190056,0.0168,0.7564,0.1485,0.771
10.200547,0.0166,0.7604,0.1493,0.775
10.209999,0.0165,0.7659,0.1504,0.781
10.220749,0.0165,0.7723,0.1518,0.787
10.230662,0.0165,0.7781,0.1533,0.793
10.241158,0.0166,0.7841,0.1549,0.799
10.250721,0.0167,0.7901,0.1566,0.806
10.261613,0.0170,0.7972,0.1586,0.813
10.272112,0.0174,0.8046,0.1607,0.821
10.281758,0.0177,0.8129,0.1631,0.829
10.297163,0.0179,0.8190,0.1649,0.836
10.302155,0.0180,0.8244,0.1664,0.841
10.311714,0.0182,0.8302,0.1680,0.847
10.322170,0.0184,0.8343,0.1691,0.852
10.332312,0.0187,0.8399,0.1705,0.857
10.343017,0.0190,0.8444,0.1716,0.862
10.353342,0.0194,0.8490,0.1726,0.867
10.362442,0.0198,0.8543,0.1738,0.872
10.372998,0.0200,0.8578,0.1747,0.876
10.383065,0.0202,0.8601,0.1754,0.878
10.397932,0.0205,0.8629,0.1763,0.881
10.403202,0.0207,0.8645,0.1770,0.883
10.413237,0.0207,0.8661,0.1777,0.884
10.423037,0.0207,0.8675,0.1784,0.886
10.433348,0.0206,0.8678,0.1786,0.886
10.443044,0.0205,0.8675,0.1785,0.886
10.453736,0.0205,0.8658,0.1781,0.884
10.463552,0.0204,0.8623,0.1771,0.881
10.474392,0.0204,0.8587,0.1760,0.877
10.484599,0.0205,0.8551,0.1748,0.873
10.497141,0.0205,0.8518,0.1736,0.870
10.504287,0.0206,0.8490,0.1724,0.867
10.514176,0.0207,0.8451,0.1711,0.863
10.525981,0.0207,0.8427,0.1703,0.860
10.535006,0.0207,0.8406,0.1695,0.858
10.545273,0.0206,0.8398,0.1691,0.857
10.555465,0.0206,0.8388,0.1687,0.856
10.564886,0.0204,0.8362,0.1679,0.853
10.575929,0.0203,0.8349,0.1673,0.852
10.585585,0.0202,0.8333,0.1667,0.850
10.595491,0.0200,0.8316,0.1661,0.848
10.606337,0.0199,0.8303,0.1655,0.847
10.616042,0.0199,0.8295,0.1651,0.846
10.625598,0.0197,0.8270,0.1644,0.843
10.636937,0.0194,0.8250,0.1638,0.841
10.646060,0.0189,0.8221,0.1633,0.838
10.656782,0.0185,0.8212,0.1633,0.837
10.666118,0.0180,0.8222,0.1638,0.839
10.676739,0.0174,0.8236,0.1644,0.840
10.687121,0.0168,0.8255,0.1653,0.842
10.696589,0.0162,0.8268,0.1659,0.843
10.706949,0.0156,0.8263,0.1665,0.843
10.717724,0.0150,0.8263,0.1669,0.843
10.727019,0.0145,0.8267,0.1674,0.844
10.737603,0.0141,0.8266,0.1676,0.844
10.747835,0.0138,0.8266,0.1679,0.844
10.759323,0.0134,0.8272,0.1682,0.844
10.768124,0.0133,0.8284,0.1686,0.845
10.778166,0.0131,0.8285,0.1689,0.846
10.788699,0.0127,0.8286,0.1692,0.846
10.798240,0.0124,0.8274,0.1692,0.845
10.808933,0.0121,0.8260,0.1691,0.843
10.817985,0.0118,0.8241,0.1688,0.841
10.828932,0.0118,0.8242,0.1690,0.841
10.839397,0.0120,0.8247,0.1692,0.842
10.849451,0.0125,0.8258,0.1696,0.843
10.859420,0.0129,0.8258,0.1697,0.843
10.869772,0.0134,0.8252,0.1698,0.843
10.879224,0.0140,0.8245,0.1698,0.842
10.889805,0.0147,0.8232,0.1697,0.841
10.899135,0.0154,0.8230,0.1699,0.840
10.909998,0.0160,0.8249,0.1705,0.842
10.920236,0.0166,0.8259,0.1710,0.844
10.930189,0.0172,0.8257,0.1710,0.843
10.941028,0.0177,0.8251,0.1710,0.843
10.950597,0.0183,0.8248,0.1710,0.843
10.960463,0.0188,0.8245,0.1710,0.842
10.971091,0.0192,0.8239,0.1709,0.842
10.981191,0.0196,0.8247,0.1712,0.842
10.991519,0.0201,0.8268,0.1715,0.845
11.000986,0.0207,0.8295,0.1720,0.847
11.010972,0.0212,0.8333,0.1728,0.851
11.021077,0.0218,0.8374,0.1736,0.855
11.031244,0.0222,0.8396,0.1741,0.858
11.042837,0.0245,0.8421,0.1744,0.860
11.052003,0.0262,0.8452,0.1738,0.863
11.061616,0.0279,0.8471,0.1741,0.865
11.072100,0.0291,0.8483,0.1751,0.867
11.081796,0.0290,0.8491,0.1728,0.867
11.096836,0.0284,0.8489,0.1682,0.866
11.102495,0.0278,0.8485,0.1618,0.864
11.112283,0.0288,0.8451,0.1526,0.859
11.122257,0.0294,0.8434,0.1417,0.856
11.133189,0.0300,0.8423,0.1302,0.853
11.143387,0.0301,0.8421,0.1186,0.851
11.153212,0.0224,0.8290,0.1667,0.846
11.164759,0.0222,0.8256,0.1654,0.842
11.173655,0.0220,0.8230,0.1644,0.840
11.183653,0.0218,0.8191,0.1631,0.835
11.196434,0.0217,0.8144,0.1619,0.831
11.203375,0.0215,0.8106,0.1608,0.827
11.213285,0.0214,0.8064,0.1598,0.822
11.223805,0.0213,0.8019,0.1588,0.818
11.234247,0.0213,0.7963,0.1577,0.812
11.243938,0.0212,0.7884,0.1561,0.804
11.254529,0.0211,0.7784,0.1541,0.794
11.264534,0.0210,0.7682,0.1521,0.783
11.275666,0.0209,0.7580,0.1500,0.773
11.285162,0.0207,0.7473,0.1480,0.762
11.294635,0.0206,0.7394,0.1467,0.754
11.304826,0.0205,0.7336,0.1458,0.748
11.315047,0.0205,0.7306,0.1457,0.745
11.326191,0.0204,0.7283,0.1457,0.743
11.335069,0.0203,0.7254,0.1458,0.740
11.346013,0.0202,0.7218,0.1458,0.737
11.355559,0.0202,0.7199,0.1460,0.735
11.365682,0.0204,0.7184,0.1463,0.733
11.376483,0.0205,0.7170,0.1464,0.732
11.386257,0.0206,0.7167,0.1467,0.732
11.396117,0.0208,0.7174,0.1471,0.733
11.406197,0.0208,0.7166,0.1473,0.732
11.416380,0.0208,0.7155,0.1473,0.731
11.426056,0.0207,0.7146,0.1472,0.730
11.436289,0.0207,0.7160,0.1475,0.731
11.446705,0.0207,0.7188,0.1481,0.734
11.457109,0.0207,0.7245,0.1492,0.740
11.466663,0.0208,0.7310,0.1503,0.747
11.477043,0.0210,0.7391,0.1518,0.755
11.487843,0.0213,0.7484,0.1536,0.764
11.497212,0.0215,0.7567,0.1553,0.773
11.513359,0.0217,0.7643,0.1568,0.781
11.517272,0.0218,0.7718,0.1584,0.788
11.527710,0.0219,0.7781,0.1597,0.795
11.538036,0.0220,0.7841,0.1608,0.801
11.547649,0.0222,0.7897,0.1619,0.806
11.558243,0.0221,0.7934,0.1627,0.810
11.568334,0.0220,0.7970,0.1635,0.814
11.578022,0.0219,0.8013,0.1644,0.818
11.589149,0.0218,0.8056,0.1653,0.823
11.598533,0.0217,0.8090,0.1660,0.826
11.609296,0.0216,0.8122,0.1667,0.829
11.619091,0.0216,0.8158,0.1674,0.833
11.628913,0.0216,0.8182,0.1679,0.836
11.639225,0.0216,0.8194,0.1682,0.837
11.649165,0.0217,0.8221,0.1688,0.839
11.658831,0.0216,0.8238,0.1694,0.841
11.669674,0.0216,0.8254,0.1699,0.843
11.679157,0.0216,0.8260,0.1702,0.844
11.689570,0.0216,0.8273,0.1705,0.845
11.700015,0.0215,0.8275,0.1706,0.845
11.710035,0.0215,0.8280,0.1709,0.846
11.720603,0.0215,0.8283,0.1710,0.846
11.730183,0.0216,0.8292,0.1713,0.847
11.740389,0.0217,0.8298,0.1717,0.848
11.750772,0.0217,0.8315,0.1723,0.849
11.761355,0.0217,0.8326,0.1728,0.851
11.771247,0.0216,0.8313,0.1727,0.849
11.781257,0.0216,0.8279,0.1723,0.846
11.796390,0.0215,0.8229,0.1715,0.841
11.801834,0.0215,0.8164,0.1705,0.834
11.811255,0.0215,0.8111,0.1696,0.829
11.821254,0.0214,0.8068,0.1690,0.825
11.831370,0.0213,0.8032,0.1684,0.821
11.841912,0.0213,0.8014,0.1683,0.819
11.852602,0.0212,0.7977,0.1678,0.815
11.861926,0.0211,0.7921,0.1669,0.810
11.872849,0.0208,0.7860,0.1657,0.804
11.882390,0.0206,0.7784,0.1644,0.796
11.896786,0.0203,0.7691,0.1628,0.786
11.902775,0.0201,0.7593,0.1609,0.776
11.912611,0.0198,0.7473,0.1586,0.764
11.922945,0.0195,0.7351,0.1563,0.752
11.933339,0.0191,0.7216,0.1537,0.738
11.943313,0.0187,0.7084,0.1512,0.725
11.953117,0.0183,0.6932,0.1482,0.709
11.963076,0.0179,0.6785,0.1453,0.694
11.975178,0.0177,0.6659,0.1427,0.681
11.983645,0.0174,0.6543,0.1404,0.669
11.994140,0.0171,0.6453,0.1386,0.660
12.004340,0.0169,0.6400,0.1374,0.655
12.014503,0.0166,0.6353,0.1365,0.650
12.024734,0.0165,0.6306,0.1356,0.645
12.034504,0.0163,0.6266,0.1349,0.641
12.044809,0.0162,0.6225,0.1341,0.637
12.054729,0.0162,0.6206,0.1337,0.635
12.064881,0.0163,0.6212,0.1338,0.636
12.075544,0.0163,0.6231,0.1342,0.638
12.085763,0.0164,0.6277,0.1351,0.642
12.094935,0.0166,0.6333,0.1363,0.648
12.105776,0.0168,0.6407,0.1379,0.656
12.115029,0.0169,0.6488,0.1396,0.664
12.124995,0.0172,0.6586,0.1417,0.674
12.135525,0.0174,0.6698,0.1439,0.685
12.145392,0.0177,0.6810,0.1461,0.697
12.156277,0.0181,0.6935,0.1485,0.709
12.166339,0.0185,0.7064,0.1510,0.723
12.176052,0.0188,0.7184,0.1534,0.735
12.186676,0.0192,0.7300,0.1556,0.747
12.196282,0.0196,0.7399,0.1576,0.757
12.206826,0.0200,0.7480,0.1593,0.765
12.216774,0.0202,0.7556,0.1608,0.773
12.226814,0.0205,0.7625,0.1621,0.780
12.237323,0.0208,0.7695,0.1634,0.787
12.247257,0.0210,0.7761,0.1646,0.794
12.258804,0.0211,0.7816,0.1655,0.799
12.267275,0.0213,0.7869,0.1666,0.805
12.277808,0.0215,0.7910,0.1676,0.809
12.287435,0.0218,0.7934,0.1681,0.811
12.298072,0.0219,0.7949,0.1682,0.813
12.313079,0.0220,0.7965,0.1684,0.814
12.318337,0.0222,0.7973,0.1686,0.815
12.328175,0.0222,0.7945,0.1680,0.812
12.338543,0.0220,0.7889,0.1668,0.807
12.348285,0.0217,0.7826,0.1656,0.800
12.358115,0.0212,0.7749,0.1641,0.792
12.368939,0.0206,0.7665,0.1626,0.784
12.378649,0.0199,0.7576,0.1611,0.775
12.389278,0.0190,0.7494,0.1597,0.766
12.399176,0.0181,0.7419,0.1586,0.759
12.413181,0.0174,0.7364,0.1579,0.753
12.419475,0.0169,0.7313,0.1574,0.748
12.429338,0.0164,0.7273,0.1573,0.744
12.439382,0.0160,0.7241,0.1573,0.741
12.450114,0.0155,0.7218,0.1574,0.739
12.460006,0.0150,0.7204,0.1576,0.738
12.470080,0.0143,0.7189,0.1577,0.736
12.480077,0.0138,0.7176,0.1577,0.735
12.490124,0.0134,0.7166,0.1579,0.734
12.500194,0.0129,0.7156,0.1579,0.733
12.510072,0.0125,0.7138,0.1577,0.731
12.520683,0.0123,0.7129,0.1577,0.730
12.530400,0.0122,0.7140,0.1579,0.731
12.541337,0.0121,0.7181,0.1588,0.736
12.550839,0.0123,0.7245,0.1601,0.742
12.561056,0.0126,0.7315,0.1617,0.749
12.571490,0.0130,0.7404,0.1634,0.758
12.581090,0.0136,0.7502,0.1652,0.768
12.597595,0.0141,0.7593,0.1668,0.778
12.605936,0.0146,0.7675,0.1680,0.786
12.612710,0.0149,0.7740,0.1688,0.792
12.621847,0.0151,0.7771,0.1689,0.795
12.631963,0.0153,0.7769,0.1682,0.795
12.641653,0.0153,0.7734,0.1669,0.791
12.652300,0.0154,0.7684,0.1652,0.786
12.662135,0.0156,0.7611,0.1633,0.779
12.673096,0.0159,0.7522,0.1610,0.769
12.682814,0.0161,0.7438,0.1589,0.761
12.695473,0.0162,0.7364,0.1571,0.753
12.702799,0.0163,0.7306,0.1557,0.747
12.713252,0.0164,0.7254,0.1544,0.742
12.724948,0.0165,0.7224,0.1535,0.739
12.733027,0.0167,0.7205,0.1529,0.737
12.743150,0.0168,0.7190,0.1525,0.735
12.754223,0.0168,0.7165,0.1519,0.733
12.763687,0.0168,0.7145,0.1513,0.731
12.774373,0.0166,0.7128,0.1509,0.729
12.784444,0.0163,0.7108,0.1504,0.727
12.794315,0.0160,0.7100,0.1501,0.726
12.805052,0.0157,0.7095,0.1499,0.725
12.814237,0.0153,0.7080,0.1494,0.724
12.824993,0.0149,0.7085,0.1492,0.724
12.834682,0.0147,0.7087,0.1490,0.724
12.844873,0.0146,0.7104,0.1492,0.726
12.855354,0.0144,0.7103,0.1491,0.726
12.865284,0.0144,0.7112,0.1490,0.727
12.874905,0.0143,0.7125,0.1492,0.728
12.885722,0.0143,0.7134,0.1492,0.729
12.894972,0.0140,0.7132,0.1490,0.729
12.905986,0.0136,0.7122,0.1487,0.728
12.915866,0.0132,0.7093,0.1480,0.725
12.926169,0.0126,0.7060,0.1474,0.721
12.936329,0.0120,0.7030,0.1468,0.718
12.947027,0.0114,0.6997,0.1462,0.715
12.958016,0.0106,0.6968,0.1456,0.712
12.967226,0.0099,0.6951,0.1452,0.710
12.976772,0.0093,0.6923,0.1446,0.707
12.986759,0.0087,0.6906,0.1443,0.706
12.996551,0.0084,0.6882,0.1437,0.703
13.013037,0.0083,0.6870,0.1434,0.702
13.017410,0.0083,0.6874,0.1435,0.702
13.026693,0.0084,0.6878,0.1438,0.703
13.037256,0.0084,0.6903,0.1445,0.705
13.047187,0.0084,0.6927,0.1451,0.708
13.058095,0.0083,0.6950,0.1456,0.710
13.067412,0.0082,0.6971,0.1461,0.712
13.077480,0.0081,0.6991,0.1467,0.714
13.088917,0.0081,0.7005,0.1471,0.716
13.097980,0.0082,0.7027,0.1476,0.718
13.113324,0.0084,0.7063,0.1486,0.722
13.118464,0.0087,0.7122,0.1498,0.728
13.128453,0.0090,0.7179,0.1510,0.734
13.138889,0.0091,0.7226,0.1521,0.739
13.149515,0.0092,0.7271,0.1531,0.743
13.158769,0.0093,0.7306,0.1539,0.747
13.169330,0.0095,0.7342,0.1547,0.750
13.179116,0.0097,0.7368,0.1554,0.753
13.190790,0.0100,0.7395,0.1559,0.756
13.199618,0.0103,0.7424,0.1566,0.759
13.209553,0.0107,0.7441,0.1570,0.761
13.219770,0.0109,0.7424,0.1566,0.759
13.229817,0.0111,0.7397,0.1559,0.756
13.241035,0.0112,0.7362,0.1550,0.752
13.250378,0.0113,0.7330,0.1541,0.749
13.260759,0.0114,0.7299,0.1533,0.746
13.270388,0.0116,0.7276,0.1527,0.744
13.280678,0.0116,0.7275,0.1525,0.743
13.290813,0.0116,0.7287,0.1527,0.745
13.301002,0.0114,0.7299,0.1529,0.746
13.312371,0.0111,0.7303,0.1529,0.746
13.321189,0.0108,0.7295,0.1528,0.745
13.331619,0.0104,0.7286,0.1525,0.744
13.341025,0.0102,0.7271,0.1521,0.743
13.352135,0.0100,0.7263,0.1519,0.742
13.361342,0.0099,0.7255,0.1517,0.741
13.372335,0.0099,0.7249,0.1516,0.741
13.382034,0.0097,0.7250,0.1517,0.741
13.395716,0.0095,0.7251,0.1518,0.741
13.401651,0.0091,0.7247,0.1517,0.740
13.412305,0.0087,0.7244,0.1517,0.740
13.422843,0.0082,0.7269,0.1523,0.743
13.432758,0.0075,0.7307,0.1532,0.747
13.442565,0.0069,0.7332,0.1539,0.749
13.452687,0.0062,0.7350,0.1545,0.751
13.462760,-0.0021,0.7380,0.1574,0.755
13.474205,-0.0100,0.7405,0.1587,0.757
13.483319,-0.0151,0.7410,0.1590,0.758
13.493719,-0.0184,0.7418,0.1582,0.759
13.503895,-0.0205,0.7437,0.1564,0.760
13.513569,-0.0205,0.7453,0.1534,0.761
13.524308,-0.0202,0.7474,0.1509,0.763
13.533518,-0.0186,0.7491,0.1498,0.764
13.543834,-0.0143,0.7514,0.1487,0.766
13.554605,-0.0086,0.7530,0.1469,0.767
13.564035,-0.0026,0.7556,0.1462,0.770
13.574264,0.0036,0.7570,0.1457,0.771
13.585230,0.0111,0.7583,0.1447,0.772
13.594950,0.0187,0.7601,0.1433,0.774
13.605348,0.0249,0.7620,0.1431,0.776
13.615096,0.0293,0.7640,0.1423,0.778
13.624893,0.0331,0.7651,0.1401,0.779
13.635097,0.0381,0.7656,0.1374,0.779
13.645567,0.0452,0.7694,0.1352,0.783
13.655591,0.0535,0.7723,0.1341,0.786
13.665696,0.0603,0.7734,0.1330,0.787
13.675407,0.0639,0.7728,0.1333,0.787
13.685833,0.0645,0.7724,0.1334,0.786
13.695865,0.0634,0.7715,0.1329,0.785
13.712719,0.0616,0.7673,0.1327,0.781
13.716384,0.0596,0.7645,0.1326,0.778
13.726073,0.0572,0.7615,0.1337,0.775
13.736545,0.0534,0.7592,0.1343,0.773
13.746616,0.0479,0.7575,0.1348,0.771
13.757488,0.0419,0.7565,0.1360,0.770
13.766736,0.0355,0.7546,0.1378,0.768
13.777754,0.0281,0.7530,0.1386,0.766
13.788201,0.0189,0.7520,0.1391,0.765
13.797444,0.0101,0.7509,0.1390,0.764
13.812170,0.0017,0.7503,0.1385,0.763
13.817683,-0.0041,0.7505,0.1394,0.763
13.827381,-0.0088,0.7523,0.1399,0.765
13.837951,-0.0134,0.7547,0.1413,0.768
13.848599,-0.0192,0.7567,0.1416,0.770
13.857656,-0.0273,0.7609,0.1408,0.774
13.868435,-0.0369,0.7672,0.1408,0.781
13.878658,-0.0449,0.7745,0.1409,0.788
13.889292,-0.0511,0.7815,0.1406,0.796
13.898157,-0.0561,0.7895,0.1408,0.804
13.912283,-0.0616,0.7997,0.1420,0.815
13.918620,-0.0663,0.8077,0.1441,0.823
13.928650,-0.0708,0.8149,0.1433,0.830
13.939020,-0.0749,0.8192,0.1421,0.835
13.949506,-0.0783,0.8214,0.1412,0.837
13.959325,-0.0829,0.8212,0.1421,0.838
13.970246,-0.0864,0.8193,0.1439,0.836
13.979389,-0.0902,0.8167,0.1483,0.835
13.990962,-0.0924,0.8116,0.1549,0.831
13.999989,-0.0944,0.8043,0.1622,0.826
14.009683,-0.0962,0.7965,0.1679,0.820
14.020473,-0.0976,0.7869,0.1720,0.811
14.029710,-0.0013,0.7785,0.1647,0.796
14.041484,-0.0013,0.7700,0.1633,0.787
14.050682,-0.0013,0.7619,0.1619,0.779
14.060994,-0.0012,0.7535,0.1606,0.770
14.071266,-0.0010,0.7464,0.1593,0.763
14.081864,-0.0008,0.7416,0.1585,0.758
14.091806,-0.0007,0.7385,0.1579,0.755
14.101468,-0.0005,0.7353,0.1575,0.752
14.112694,-0.0002,0.7311,0.1568,0.748
14.121133,0.0003,0.7272,0.1562,0.744
14.131588,0.0007,0.7252,0.1560,0.742
14.141589,0.0013,0.7245,0.1561,0.741
14.152128,0.0019,0.7230,0.1560,0.740
14.162129,0.0025,0.7211,0.1556,0.738
14.172628,0.0029,0.7187,0.1549,0.735
14.181796,0.0033,0.7147,0.1536,0.731
14.193274,0.0037,0.7115,0.1524,0.728
14.203302,0.0041,0.7097,0.1515,0.726
14.213087,0.0044,0.7070,0.1505,0.723
14.224296,0.0047,0.7052,0.1497,0.721
14.232784,0.0049,0.7042,0.1491,0.720
14.243494,0.0050,0.7028,0.1485,0.718
14.253768,0.0051,0.7018,0.1482,0.717
14.262695,0.0053,0.7025,0.1481,0.718
14.274329,0.0054,0.7027,0.1480,0.718
14.284047,0.0057,0.7015,0.1477,0.717
14.294395,0.0060,0.7009,0.1475,0.716
14.303918,0.0064,0.7002,0.1472,0.716
14.313883,0.0067,0.7002,0.1471,0.715
14.324580,0.0069,0.6984,0.1466,0.714
14.334094,0.0072,0.6933,0.1453,0.708
14.343926,0.0073,0.6883,0.1442,0.703
14.354690,0.0072,0.6867,0.1438,0.702
14.365198,0.0071,0.6870,0.1437,0.702
14.374518,0.0072,0.6906,0.1443,0.706
14.385088,0.0074,0.6963,0.1455,0.711
14.394666,0.0077,0.7023,0.1468,0.718
14.411775,0.0079,0.7081,0.1480,0.723
14.415147,0.0084,0.7159,0.1496,0.731
14.426029,0.0089,0.7239,0.1513,0.740
14.435683,0.0094,0.7318,0.1529,0.748
14.445583,0.0097,0.7390,0.1544,0.755
14.457310,0.0100,0.7455,0.1557,0.762
14.466477,0.0103,0.7498,0.1566,0.766
14.476515,0.0104,0.7539,0.1575,0.770
14.486930,0.0105,0.7578,0.1583,0.774
14.496790,0.0106,0.7612,0.1590,0.778
14.512562,0.0106,0.7627,0.1593,0.779
14.517244,0.0106,0.7618,0.1591,0.778
14.526963,0.0105,0.7615,0.1590,0.778
14.537493,0.0102,0.7617,0.1591,0.778
14.547264,0.0099,0.7613,0.1591,0.778
14.557942,0.0096,0.7588,0.1585,0.775
14.567860,0.0093,0.7552,0.1578,0.772
14.577154,0.0091,0.7518,0.1571,0.768
14.587771,0.0089,0.7487,0.1563,0.765
14.599143,0.0087,0.7468,0.1558,0.763
14.612821,0.0085,0.7464,0.1556,0.763
14.617776,0.0084,0.7466,0.1557,0.763
14.627537,0.0082,0.7470,0.1559,0.763
14.638794,0.0078,0.7465,0.1558,0.763
14.648381,0.0075,0.7461,0.1556,0.762
14.658120,0.0073,0.7446,0.1553,0.761
14.668578,0.0071,0.7421,0.1547,0.758
14.678645,0.0068,0.7372,0.1538,0.753
14.690048,0.0064,0.7310,0.1527,0.747
14.698906,0.0059,0.7231,0.1512,0.739
14.709510,0.0054,0.7159,0.1499,0.731
14.719872,0.0048,0.7100,0.1489,0.725
14.728952,0.0043,0.7059,0.1484,0.721
14.741155,0.0039,0.7035,0.1482,0.719
14.750177,0.0036,0.7004,0.1482,0.716
14.759481,0.0033,0.6988,0.1485,0.714
14.770167,0.0030,0.6994,0.1494,0.715
14.780286,0.0027,0.6995,0.1503,0.716
14.789917,0.0023,0.6996,0.1512,0.716
14.800850,0.0018,0.7006,0.1523,0.717
14.810246,0.0012,0.7000,0.1530,0.717
14.820652,0.0005,0.6986,0.1535,0.715
14.830216,-0.0001,0.6973,0.1540,0.714
14.841489,-0.0005,0.6980,0.1550,0.715
14.851430,-0.0009,0.6982,0.1560,0.715
14.861187,-0.0014,0.6975,0.1568,0.715
14.871751,-0.0017,0.6967,0.1577,0.714
14.882318,-0.0020,0.6971,0.1586,0.715
14.892064,-0.0023,0.6985,0.1598,0.717
14.901551,-0.0025,0.7000,0.1609,0.718
14.912244,-0.0026,0.7010,0.1618,0.719
14.924477,-0.0027,0.7014,0.1625,0.720
14.932339,-0.0028,0.6999,0.1626,0.719
14.942820,-0.0030,0.6984,0.1625,0.717
14.952844,-0.0031,0.6994,0.1628,0.718
14.962735,-0.0031,0.7000,0.1628,0.719
14.973473,-0.0031,0.6998,0.1625,0.718
14.983242,-0.0031,0.6987,0.1619,0.717
14.993521,-0.0029,0.6980,0.1612,0.716
15.003784,-0.0025,0.6966,0.1604,0.715
15.013205,-0.0019,0.6961,0.1598,0.714
15.023840,-0.0013,0.6955,0.1591,0.713
15.033423,-0.0007,0.6940,0.1582,0.712
15.043385,-0.0002,0.6894,0.1568,0.707
15.053965,0.0004,0.6848,0.1553,0.702
15.063629,0.0008,0.6839,0.1548,0.701
15.073434,0.0011,0.6859,0.1549,0.703
15.083954,0.0015,0.6886,0.1551,0.706
15.093780,0.0018,0.6931,0.1558,0.710
15.104810,0.0021,0.6988,0.1567,0.716
15.114331,0.0022,0.7058,0.1580,0.723
15.124672,0.0025,0.7146,0.1598,0.732
15.134819,0.0029,0.7244,0.1619,0.742
15.144793,0.0033,0.7325,0.1638,0.751
15.156590,0.0038,0.7383,0.1654,0.757
15.165843,0.0043,0.7418,0.1664,0.760
15.174919,0.0049,0.7429,0.1671,0.761
15.185718,0.0056,0.7437,0.1677,0.762
15.195962,0.0061,0.7428,0.1679,0.762
15.212554,0.0066,0.7426,0.1681,0.761
15.215955,0.0070,0.7410,0.1680,0.760
15.225741,0.0074,0.7376,0.1675,0.756
15.236061,0.0078,0.7349,0.1672,0.754
15.245933,0.0083,0.7330,0.1669,0.752
15.257099,0.0087,0.7332,0.1670,0.752
15.266950,0.0093,0.7322,0.1665,0.751
15.277224,0.0100,0.7299,0.1657,0.749
15.286984,0.0108,0.7282,0.1652,0.747
15.297434,0.0115,0.7257,0.1645,0.744
15.312329,0.0122,0.7227,0.1639,0.741
15.317052,0.0131,0.7204,0.1633,0.739
15.326798,0.0140,0.7187,0.1629,0.737
15.337489,0.0147,0.7176,0.1624,0.736
15.347543,0.0154,0.7163,0.1620,0.735
15.356859,0.0161,0.7143,0.1614,0.732
15.368248,0.0168,0.7126,0.1609,0.731
15.378304,0.0174,0.7121,0.1608,0.730
15.387920,0.0178,0.7104,0.1606,0.729
15.398394,0.0182,0.7084,0.1604,0.727
15.411439,0.0185,0.7043,0.1600,0.722
15.418109,0.0188,0.7009,0.1595,0.719
15.428810,0.0192,0.7005,0.1596,0.719
15.439975,0.0196,0.7020,0.1602,0.720
15.448932,0.0200,0.7049,0.1612,0.723
15.458962,0.0204,0.7079,0.1623,0.727
15.469335,0.0207,0.7092,0.1631,0.728
15.479618,0.0210,0.7091,0.1637,0.728
15.490078,0.0212,0.7073,0.1640,0.726
