time,wx (rad/s),wy (rad/s),wz (rad/s)
0.001474,-0.00,-0.00,-0.00
0.011010,0.00,-0.00,-0.00
0.020746,0.00,-0.00,-0.00
0.030961,-0.00,-0.00,0.00
0.041448,-0.00,-0.00,0.00
0.050613,-0.00,0.00,-0.00
0.061236,-0.00,0.00,-0.00
0.071434,0.00,-0.00,-0.00
0.081516,0.00,-0.00,-0.00
0.091443,-0.00,0.00,0.00
0.106741,-0.00,0.00,0.00
0.112131,0.00,-0.00,0.00
0.122017,0.00,-0.00,0.00
0.132269,-0.00,-0.00,0.00
0.141998,-0.00,-0.00,0.00
0.151943,-0.00,-0.00,0.00
0.163829,-0.00,-0.00,0.00
0.172648,-0.00,-0.00,-0.00
0.182458,-0.00,-0.00,-0.00
0.193127,0.00,0.00,0.00
0.202780,0.00,0.00,0.00
0.213495,-0.00,-0.00,-0.00
0.222999,-0.00,-0.00,-0.00
0.234087,-0.00,0.00,0.00
0.243938,-0.00,0.00,0.00
0.253961,0.00,0.00,-0.00
0.264229,0.00,0.00,-0.00
0.273866,-0.00,0.00,-0.00
0.290109,-0.00,0.00,-0.00
0.294466,-0.00,0.00,-0.00
0.304196,-0.00,0.00,-0.00
0.314168,-0.00,-0.00,0.00
0.324108,-0.00,-0.00,0.00
0.334470,0.00,0.00,-0.00
0.344418,0.00,0.00,-0.00
0.354659,0.00,0.00,-0.00
0.365114,0.00,0.00,-0.00
0.375076,-0.00,-0.00,-0.00
0.390801,-0.00,-0.00,-0.00
0.396025,0.00,-0.00,-0.00
0.405589,0.00,-0.00,-0.00
0.416207,0.00,0.00,-0.00
0.425698,0.00,0.00,-0.00
0.436348,0.00,-0.00,0.00
0.446602,0.00,-0.00,0.00
0.456358,-0.00,0.00,0.00
0.466327,-0.00,0.00,0.00
0.476619,0.00,0.00,0.00
0.490604,0.00,0.00,0.00
0.496820,-0.00,-0.00,-0.00
0.506690,-0.00,-0.00,-0.00
0.517044,-0.00,0.00,-0.00
0.527320,-0.00,0.00,-0.00
0.537860,-0.00,0.00,0.00
0.547356,-0.00,0.00,0.00
0.558014,0.00,0.00,-0.00
0.567267,0.00,0.00,-0.00
0.592187,0.00,0.00,0.00
0.596151,0.00,0.00,0.00
0.600056,0.00,0.00,-0.00
0.608500,0.00,0.00,-0.00
0.618971,-0.00,0.00,0.00
0.629909,-0.00,0.00,0.00
0.639117,0.00,0.00,0.00
0.648984,0.00,0.00,0.00
0.659251,-0.00,0.00,0.00
0.669555,-0.00,0.00,0.00
0.689477,0.00,-0.00,-0.00
0.690441,0.00,-0.00,-0.00
0.699297,0.00,0.00,-0.00
0.710006,0.00,0.00,-0.00
0.719693,-0.00,-0.00,0.00
0.729790,-0.00,-0.00,0.00
0.740396,0.00,-0.00,-0.00
0.750109,0.00,-0.00,-0.00
0.760538,-0.00,-0.00,-0.00
0.770367,-0.00,-0.00,-0.00
0.790950,-0.00,0.00,-0.00
0.792072,-0.00,0.00,-0.00
0.801085,-0.12,-0.14,-0.00
0.811746,-0.12,-0.14,-0.00
0.820944,-0.11,-0.12,-0.01
0.830848,-0.11,-0.12,-0.01
0.842071,-0.09,-0.06,-0.02
0.850980,-0.09,-0.06,-0.02
0.862955,-0.05,0.01,-0.04
0.871573,-0.05,0.01,-0.04
0.882100,-0.01,0.05,-0.07
0.892046,-0.01,0.05,-0.07
0.902165,0.03,0.07,-0.09
0.912970,0.03,0.07,-0.09
0.922169,0.06,0.07,-0.11
0.932509,0.06,0.07,-0.11
0.943544,0.07,0.04,-0.12
0.952647,0.07,0.04,-0.12
0.962556,0.06,0.01,-0.11
0.973431,0.06,0.01,-0.11
0.983709,0.03,-0.01,-0.08
0.993334,0.03,-0.01,-0.08
1.003953,-0.01,-0.03,-0.05
1.013030,-0.01,-0.03,-0.05
1.024191,-0.02,-0.02,-0.00
1.033767,-0.02,-0.02,-0.00
1.044923,-0.01,0.01,0.04
1.054216,-0.01,0.01,0.04
1.064245,0.02,0.06,0.06
1.074408,0.02,0.06,0.06
1.084383,0.05,0.09,0.07
1.100404,0.05,0.09,0.07
1.105318,0.07,0.10,0.07
1.114930,0.07,0.10,0.07
1.125520,0.07,0.08,0.06
1.134986,0.07,0.08,0.06
1.146382,0.04,0.04,0.06
1.155554,0.04,0.04,0.06
1.165765,0.00,-0.02,0.06
1.176298,0.00,-0.02,0.06
1.186355,-0.04,-0.08,0.07
1.200391,-0.04,-0.08,0.07
1.206483,-0.06,-0.10,0.06
1.216248,-0.06,-0.10,0.06
1.226506,-0.06,-0.09,0.04
1.236732,-0.06,-0.09,0.04
1.246465,-0.03,-0.06,0.02
1.256875,-0.03,-0.06,0.02
1.266587,-0.01,-0.03,-0.02
1.277999,-0.01,-0.03,-0.02
1.287524,0.02,-0.02,-0.06
1.300773,0.02,-0.02,-0.06
1.306997,0.04,-0.04,-0.09
1.317004,0.04,-0.04,-0.09
1.327984,0.06,-0.10,-0.11
1.337538,0.06,-0.10,-0.11
1.348031,0.07,-0.15,-0.11
1.357924,0.07,-0.15,-0.11
1.368370,0.07,-0.12,-0.11
1.384075,0.07,-0.12,-0.11
1.388686,0.07,-0.02,-0.11
1.398322,0.07,-0.02,-0.11
1.409244,0.07,0.09,-0.09
1.419173,0.07,0.09,-0.09
1.429626,0.07,0.17,-0.08
1.439718,0.07,0.17,-0.08
1.449482,0.07,0.19,-0.07
1.460094,0.07,0.19,-0.07
1.470058,0.06,0.14,-0.06
1.483151,0.06,0.14,-0.06
1.490219,0.05,0.02,-0.05
1.500145,0.05,0.02,-0.05
1.510474,0.04,-0.09,-0.04
1.520475,0.04,-0.09,-0.04
1.530693,0.03,-0.14,-0.05
1.541019,0.03,-0.14,-0.05
1.550657,-0.00,-0.15,-0.08
1.561415,-0.00,-0.15,-0.08
1.570971,-0.05,-0.12,-0.11
1.582759,-0.05,-0.12,-0.11
1.591663,-0.10,-0.10,-0.15
1.601170,-0.10,-0.10,-0.15
1.612679,-0.13,-0.09,-0.16
1.620986,-0.13,-0.09,-0.16
1.631165,-0.15,-0.11,-0.16
1.641925,-0.15,-0.11,-0.16
1.651838,-0.16,-0.16,-0.14
1.662603,-0.16,-0.16,-0.14
1.672107,-0.18,-0.19,-0.12
1.682095,-0.18,-0.19,-0.12
1.693126,-0.21,-0.18,-0.09
1.702492,-0.21,-0.18,-0.09
1.713288,-0.23,-0.15,-0.04
1.722496,-0.23,-0.15,-0.04
1.733002,-0.25,-0.12,0.02
1.743298,-0.25,-0.12,0.02
1.753076,-0.24,-0.13,0.07
1.763130,-0.24,-0.13,0.07
1.773828,-0.22,-0.16,0.10
1.783079,-0.22,-0.16,0.10
1.793701,-0.19,-0.21,0.11
1.803356,-0.19,-0.21,0.11
1.813686,-0.15,-0.25,0.09
1.824840,-0.15,-0.25,0.09
1.834063,-0.11,-0.25,0.08
1.846423,-0.11,-0.25,0.08
1.854571,-0.08,-0.22,0.06
1.864704,-0.08,-0.22,0.06
1.875254,-0.01,-0.16,0.01
1.884869,-0.01,-0.16,0.01
1.900107,-0.01,-0.08,0.00
1.905324,-0.01,-0.08,0.00
1.915073,-0.00,-0.02,0.00
1.925822,-0.00,-0.02,0.00
1.936639,-0.00,0.03,0.00
1.946546,-0.00,0.03,0.00
1.955890,-0.00,0.04,0.00
1.965973,-0.00,0.04,0.00
1.975999,-0.00,0.03,0.00
1.986463,-0.00,0.03,0.00
2.000093,-0.00,0.03,0.00
2.006223,-0.00,0.03,0.00
2.016965,0.00,0.09,0.00
2.027234,0.00,0.09,0.00
2.037882,0.00,0.18,0.00
2.047831,0.00,0.18,0.00
2.057575,0.00,0.25,-0.00
2.066773,0.00,0.25,-0.00
2.079065,-0.00,0.27,-0.01
2.087662,-0.00,0.27,-0.01
2.098021,-0.00,0.25,-0.01
2.107511,-0.00,0.25,-0.01
2.118299,-0.00,0.22,-0.01
2.128907,-0.00,0.22,-0.01
2.138130,-0.00,0.21,-0.01
2.148602,-0.00,0.21,-0.01
2.158679,0.00,0.23,-0.01
2.168862,0.00,0.23,-0.01
2.179617,0.01,0.29,-0.01
2.189377,0.01,0.29,-0.01
2.200098,0.01,0.33,-0.00
2.210083,0.01,0.33,-0.00
2.219592,0.13,0.36,-0.02
2.229680,0.13,0.36,-0.02
2.239569,0.11,0.38,0.02
2.249526,0.11,0.38,0.02
2.259729,0.06,0.40,0.04
2.270159,0.06,0.40,0.04
2.283442,0.00,0.38,0.07
2.290312,0.00,0.38,0.07
2.300531,-0.04,0.34,0.09
2.310788,-0.04,0.34,0.09
2.320805,-0.07,0.29,0.13
2.330496,-0.07,0.29,0.13
2.341459,-0.10,0.27,0.16
2.351048,-0.10,0.27,0.16
2.362211,-0.14,0.25,0.19
2.371056,-0.14,0.25,0.19
2.381249,-0.18,0.20,0.19
2.392280,-0.18,0.20,0.19
2.401597,-0.21,0.11,0.19
2.412215,-0.21,0.11,0.19
2.422007,-0.20,0.02,0.17
2.431798,-0.20,0.02,0.17
2.442104,-0.18,-0.03,0.16
2.452329,-0.18,-0.03,0.16
2.462188,-0.13,-0.04,0.14
2.473384,-0.13,-0.04,0.14
2.482725,-0.07,-0.03,0.13
2.493894,-0.07,-0.03,0.13
2.503182,-0.02,-0.01,0.11
2.513256,-0.02,-0.01,0.11
2.523028,0.01,0.02,0.10
2.533535,0.01,0.02,0.10
2.545417,0.00,0.04,0.10
2.553132,0.00,0.04,0.10
2.564312,-0.03,0.02,0.11
2.574060,-0.03,0.02,0.11
2.584443,-0.06,-0.05,0.12
2.599589,-0.06,-0.05,0.12
2.604403,-0.09,-0.08,0.14
2.614396,-0.09,-0.08,0.14
2.624676,-0.09,-0.03,0.15
2.634369,-0.09,-0.03,0.15
2.645437,-0.08,0.05,0.15
2.654860,-0.08,0.05,0.15
2.665709,-0.05,0.11,0.15
2.675390,-0.05,0.11,0.15
2.685493,-0.00,0.12,0.14
2.699310,-0.00,0.12,0.14
2.705595,0.04,0.09,0.13
2.715522,0.04,0.09,0.13
2.726104,0.08,0.04,0.11
2.735885,0.08,0.04,0.11
2.746276,0.10,-0.00,0.09
2.756708,0.10,-0.00,0.09
2.766141,0.11,-0.02,0.07
2.776420,0.11,-0.02,0.07
2.786686,0.11,-0.02,0.05
2.799511,0.11,-0.02,0.05
2.806854,0.11,-0.03,0.03
2.817106,0.11,-0.03,0.03
2.829591,0.11,-0.05,0.00
2.837122,0.11,-0.05,0.00
2.847339,0.10,-0.08,-0.02
2.857459,0.10,-0.08,-0.02
2.867955,0.08,-0.09,-0.03
2.878978,0.08,-0.09,-0.03
2.888502,0.06,-0.09,-0.02
2.898810,0.06,-0.09,-0.02
2.909279,0.03,-0.10,0.00
2.918559,0.03,-0.10,0.00
2.928903,-0.01,-0.12,0.02
2.938932,-0.01,-0.12,0.02
2.949405,-0.06,-0.14,0.03
2.959641,-0.06,-0.14,0.03
2.969508,-0.10,-0.15,0.04
2.979430,-0.10,-0.15,0.04
2.990039,-0.15,-0.17,0.05
2.999363,-0.15,-0.17,0.05
3.010031,-0.20,-0.20,0.07
3.019652,-0.20,-0.20,0.07
3.029529,-0.24,-0.26,0.09
3.040507,-0.24,-0.26,0.09
3.050102,-0.25,-0.34,0.11
3.061488,-0.25,-0.34,0.11
3.070234,-0.25,-0.37,0.12
3.080869,-0.25,-0.37,0.12
3.090738,-0.24,-0.34,0.12
3.100767,-0.24,-0.34,0.12
3.111680,-0.24,-0.30,0.12
3.121673,-0.24,-0.30,0.12
3.131460,-0.23,-0.28,0.11
3.141943,-0.23,-0.28,0.11
3.151811,-0.21,-0.26,0.08
3.162512,-0.21,-0.26,0.08
3.171761,-0.18,-0.21,0.05
3.182068,-0.18,-0.21,0.05
3.192907,-0.14,-0.16,0.00
3.202093,-0.14,-0.16,0.00
3.212436,-0.10,-0.12,-0.04
3.222437,-0.10,-0.12,-0.04
3.232557,-0.06,-0.09,-0.07
3.243103,-0.06,-0.09,-0.07
3.252609,0.00,-0.09,-0.09
3.262832,0.00,-0.09,-0.09
3.272784,0.06,-0.10,-0.09
3.283089,0.06,-0.10,-0.09
3.293473,0.09,-0.11,-0.09
3.303240,0.09,-0.11,-0.09
3.313756,0.12,-0.10,-0.08
3.323672,0.12,-0.10,-0.08
3.333574,0.14,-0.05,-0.08
3.345143,0.14,-0.05,-0.08
3.354000,0.18,0.02,-0.09
3.364304,0.18,0.02,-0.09
3.374323,0.24,0.09,-0.11
3.384602,0.24,0.09,-0.11
3.398873,0.30,0.13,-0.14
3.404294,0.30,0.13,-0.14
3.415022,0.33,0.13,-0.15
3.425438,0.33,0.13,-0.15
3.434871,0.33,0.11,-0.16
3.445328,0.33,0.11,-0.16
3.455467,0.32,0.08,-0.15
3.465621,0.32,0.08,-0.15
3.475794,0.30,0.04,-0.14
3.486038,0.30,0.04,-0.14
3.498685,0.29,0.00,-0.12
3.505788,0.29,0.00,-0.12
3.515977,0.30,0.01,-0.11
3.528041,0.30,0.01,-0.11
3.537257,0.30,0.03,-0.10
3.546997,0.30,0.03,-0.10
3.556959,0.28,0.04,-0.09
3.566660,0.28,0.04,-0.09
3.578204,0.24,0.02,-0.08
3.587064,0.24,0.02,-0.08
3.597992,0.19,0.03,-0.07
3.607766,0.19,0.03,-0.07
3.617552,0.13,0.06,-0.06
3.628351,0.13,0.06,-0.06
3.637686,0.01,0.11,-0.00
3.648127,0.01,0.11,-0.00
3.658260,0.01,0.13,-0.00
3.667874,0.01,0.13,-0.00
3.677985,0.06,0.14,-0.04
3.688316,0.06,0.14,-0.04
3.698185,0.08,0.13,-0.03
3.708877,0.08,0.13,-0.03
3.718549,0.10,0.13,-0.02
3.728846,0.10,0.13,-0.02
3.739044,0.11,0.12,-0.01
3.749411,0.11,0.12,-0.01
3.759780,0.12,0.13,-0.00
3.769183,0.12,0.13,-0.00
3.779502,0.12,0.13,0.00
3.789929,0.12,0.13,0.00
3.799590,0.10,0.11,0.00
3.811364,0.10,0.11,0.00
3.820283,0.06,0.06,0.00
3.829964,0.06,0.06,0.00
3.840602,0.01,0.00,0.00
3.850150,0.01,0.00,0.00
3.861665,-0.02,-0.06,0.01
3.870901,-0.02,-0.06,0.01
3.881082,-0.04,-0.11,-0.00
3.891340,-0.04,-0.11,-0.00
3.900976,-0.03,-0.13,-0.03
3.911962,-0.03,-0.13,-0.03
3.921333,-0.01,-0.11,-0.08
3.931183,-0.01,-0.11,-0.08
3.942009,0.01,-0.09,-0.12
3.951823,0.01,-0.09,-0.12
3.961682,0.01,-0.07,-0.13
3.972244,0.01,-0.07,-0.13
3.982424,-0.01,-0.07,-0.13
3.993016,-0.01,-0.07,-0.13
4.002627,-0.04,-0.07,-0.12
4.012719,-0.04,-0.07,-0.12
4.022700,-0.06,-0.07,-0.09
4.033432,-0.06,-0.07,-0.09
4.044573,-0.07,-0.08,-0.05
4.053195,-0.07,-0.08,-0.05
4.062817,-0.09,-0.12,-0.01
4.073810,-0.09,-0.12,-0.01
4.083791,-0.12,-0.15,0.04
4.099128,-0.12,-0.15,0.04
4.104046,-0.15,-0.16,0.07
4.113926,-0.15,-0.16,0.07
4.124655,-0.16,-0.11,0.08
4.134394,-0.16,-0.11,0.08
4.144451,-0.15,-0.05,0.08
4.154078,-0.15,-0.05,0.08
4.164512,-0.12,0.00,0.07
4.174579,-0.12,0.00,0.07
4.185123,-0.07,0.02,0.05
4.198771,-0.07,0.02,0.05
4.205555,-0.03,0.01,0.02
4.215164,-0.03,0.01,0.02
4.226019,-0.00,-0.01,0.00
4.236383,-0.00,-0.01,0.00
4.246084,0.02,-0.04,-0.01
4.256141,0.02,-0.04,-0.01
4.265970,0.03,-0.03,0.00
4.276017,0.03,-0.03,0.00
4.286546,0.02,0.01,0.02
4.298310,0.02,0.01,0.02
4.306062,-0.02,0.08,0.04
4.317290,-0.02,0.08,0.04
4.328202,-0.07,0.14,0.06
4.337780,-0.07,0.14,0.06
4.346727,-0.14,0.18,0.06
4.357478,-0.14,0.18,0.06
4.367073,-0.20,0.21,0.06
4.377811,-0.20,0.21,0.06
4.387546,-0.24,0.24,0.05
4.397954,-0.24,0.24,0.05
4.408136,-0.26,0.26,0.05
4.418219,-0.26,0.26,0.05
4.428670,-0.26,0.27,0.04
4.438523,-0.26,0.27,0.04
4.448438,-0.25,0.25,0.02
4.458503,-0.25,0.25,0.02
4.468491,-0.22,0.21,-0.01
4.478154,-0.22,0.21,-0.01
4.489137,-0.20,0.17,-0.05
4.498883,-0.20,0.17,-0.05
4.509451,-0.17,0.17,-0.10
4.519787,-0.17,0.17,-0.10
4.529195,-0.14,0.21,-0.13
4.539422,-0.14,0.21,-0.13
4.549626,-0.12,0.25,-0.13
4.559648,-0.12,0.25,-0.13
4.570122,-0.10,0.24,-0.12
4.580233,-0.10,0.24,-0.12
4.590149,-0.09,0.21,-0.11
4.600349,-0.09,0.21,-0.11
4.611302,-0.08,0.20,-0.09
4.620843,-0.08,0.20,-0.09
4.631043,-0.07,0.22,-0.08
4.641289,-0.07,0.22,-0.08
4.650985,-0.06,0.27,-0.07
4.661600,-0.06,0.27,-0.07
4.672033,-0.05,0.31,-0.04
4.681759,-0.05,0.31,-0.04
4.692137,-0.03,0.32,0.01
4.701722,-0.03,0.32,0.01
4.712093,0.00,0.29,0.06
4.721962,0.00,0.29,0.06
4.732061,0.04,0.25,0.10
4.742576,0.04,0.25,0.10
4.752754,0.06,0.20,0.11
4.764531,0.06,0.20,0.11
4.773448,0.05,0.16,0.11
4.782086,0.05,0.16,0.11
4.798395,0.02,0.12,0.10
4.803176,0.02,0.12,0.10
4.813459,-0.03,0.08,0.09
4.823474,-0.03,0.08,0.09
4.833572,-0.10,0.04,0.09
4.844100,-0.10,0.04,0.09
4.853523,-0.16,-0.02,0.09
4.863674,-0.16,-0.02,0.09
4.874528,-0.21,-0.08,0.08
4.884479,-0.21,-0.08,0.08
4.898512,-0.23,-0.12,0.06
4.904847,-0.23,-0.12,0.06
4.914583,-0.22,-0.14,0.04
4.924878,-0.22,-0.14,0.04
4.934818,-0.14,-0.14,0.02
4.944925,-0.14,-0.14,0.02
4.955091,-0.02,-0.11,0.01
4.964904,-0.02,-0.11,0.01
4.975459,0.12,-0.07,0.01
4.985877,0.12,-0.07,0.01
4.998787,0.25,-0.03,0.01
5.005153,0.25,-0.03,0.01
5.015662,0.36,0.01,0.02
5.026166,0.36,0.01,0.02
5.036408,0.44,0.08,0.03
5.045992,0.44,0.08,0.03
5.056308,0.47,0.16,0.05
5.066335,0.47,0.16,0.05
5.078005,0.46,0.23,0.08
5.086644,0.46,0.23,0.08
5.097128,0.41,0.28,0.12
5.107317,0.41,0.28,0.12
5.117755,0.33,0.30,0.15
5.127254,0.33,0.30,0.15
5.138199,0.25,0.29,0.17
5.147460,0.25,0.29,0.17
5.157592,0.17,0.23,0.17
5.167916,0.17,0.23,0.17
5.177511,0.09,0.15,0.16
5.188809,0.09,0.15,0.16
5.197903,0.02,0.06,0.14
5.208372,0.02,0.06,0.14
5.218186,-0.05,-0.02,0.12
5.228548,-0.05,-0.02,0.12
5.238514,-0.01,-0.09,0.01
5.248999,-0.01,-0.09,0.01
5.260988,-0.02,-0.16,0.01
5.269116,-0.02,-0.16,0.01
5.279067,-0.02,-0.23,0.00
5.289530,-0.02,-0.23,0.00
5.299341,-0.03,-0.30,0.00
5.310445,-0.03,-0.30,0.00
5.319627,-0.03,-0.31,0.00
5.329772,-0.03,-0.31,0.00
5.340264,-0.04,-0.27,0.00
5.349938,-0.04,-0.27,0.00
5.360681,-0.38,-0.21,0.02
5.370280,-0.38,-0.21,0.02
5.380652,-0.37,-0.14,0.04
5.391133,-0.37,-0.14,0.04
5.400930,-0.35,-0.10,0.06
5.410339,-0.35,-0.10,0.06
5.421200,-0.35,-0.11,0.09
5.431140,-0.35,-0.11,0.09
5.441499,-0.35,-0.16,0.11
5.451336,-0.35,-0.16,0.11
5.461825,-0.32,-0.19,0.12
5.471744,-0.32,-0.19,0.12
5.481629,-0.27,-0.19,0.11
5.491847,-0.27,-0.19,0.11
5.502401,-0.20,-0.15,0.09
5.512542,-0.20,-0.15,0.09
5.522646,-0.12,-0.11,0.06
5.532683,-0.12,-0.11,0.06
5.543734,-0.05,-0.06,0.01
5.553076,-0.05,-0.06,0.01
5.563454,-0.00,-0.01,-0.05
5.572696,-0.00,-0.01,-0.05
5.583023,0.03,0.03,-0.11
5.597402,0.03,0.03,-0.11
5.603417,0.05,0.04,-0.17
5.613157,0.05,0.04,-0.17
5.623947,0.05,0.05,-0.21
5.633404,0.05,0.05,-0.21
5.644173,0.05,0.05,-0.23
5.654630,0.05,0.05,-0.23
5.664105,0.04,0.05,-0.23
5.674662,0.04,0.05,-0.23
5.685032,0.05,0.06,-0.21
5.697843,0.05,0.06,-0.21
5.705213,0.07,0.07,-0.18
5.714230,0.07,0.07,-0.18
5.725539,0.10,0.09,-0.16
5.735540,0.10,0.09,-0.16
5.745433,0.12,0.11,-0.14
5.755151,0.12,0.11,-0.14
5.765420,0.13,0.10,-0.12
5.776848,0.13,0.10,-0.12
5.786454,0.14,0.07,-0.11
5.795673,0.14,0.07,-0.11
5.806486,0.14,0.05,-0.10
5.816030,0.14,0.05,-0.10
5.827787,0.14,0.04,-0.12
5.836576,0.14,0.04,-0.12
5.846985,0.12,0.06,-0.14
5.856741,0.12,0.06,-0.14
5.866769,0.10,0.07,-0.16
5.877111,0.10,0.07,-0.16
5.887603,0.08,0.06,-0.18
5.896940,0.08,0.06,-0.18
5.907780,0.08,0.04,-0.18
5.917820,0.08,0.04,-0.18
5.928174,0.09,0.05,-0.19
5.937755,0.09,0.05,-0.19
5.948061,0.11,0.08,-0.21
5.958036,0.11,0.08,-0.21
5.968727,0.14,0.12,-0.22
5.977913,0.14,0.12,-0.22
5.988634,0.15,0.12,-0.23
5.998260,0.15,0.12,-0.23
6.008903,0.14,0.10,-0.22
6.019054,0.14,0.10,-0.22
6.029844,0.12,0.07,-0.20
6.039494,0.12,0.07,-0.20
6.049746,0.11,0.05,-0.18
6.060414,0.11,0.05,-0.18
6.069604,0.10,0.05,-0.19
6.079164,0.10,0.05,-0.19
6.089625,0.09,0.06,-0.21
6.099651,0.09,0.06,-0.21
6.114665,0.09,0.04,-0.23
6.120301,0.09,0.04,-0.23
6.130464,0.09,-0.01,-0.23
6.140500,0.09,-0.01,-0.23
6.150242,0.08,-0.06,-0.22
6.161336,0.08,-0.06,-0.22
6.170793,0.06,-0.07,-0.20
6.180940,0.06,-0.07,-0.20
6.191904,0.03,-0.06,-0.17
6.201616,0.03,-0.06,-0.17
6.215146,0.01,-0.04,-0.15
6.221729,0.01,-0.04,-0.15
6.231013,0.00,-0.01,-0.01
6.241802,0.00,-0.01,-0.01
6.252071,0.00,0.02,-0.01
6.261626,0.00,0.02,-0.01
6.272253,0.00,0.06,-0.01
6.281814,0.00,0.06,-0.01
6.293561,0.00,0.06,-0.00
6.302519,0.00,0.06,-0.00
6.314073,0.00,0.04,-0.00
6.322500,0.00,0.04,-0.00
6.333132,0.00,0.01,0.00
6.343003,0.00,0.01,0.00
6.352976,-0.00,0.01,0.00
6.362981,-0.00,0.01,0.00
6.373565,-0.00,0.01,0.01
6.383517,-0.00,0.01,0.01
6.397971,-0.07,-0.00,0.10
6.404285,-0.07,-0.00,0.10
6.414081,-0.10,-0.02,0.11
6.424622,-0.10,-0.02,0.11
6.434362,-0.12,-0.02,0.11
6.444079,-0.12,-0.02,0.11
6.454960,-0.14,0.01,0.11
6.464711,-0.14,0.01,0.11
6.476692,-0.14,0.06,0.10
6.485321,-0.14,0.06,0.10
6.495071,-0.14,0.10,0.09
6.505676,-0.14,0.10,0.09
6.514846,-0.13,0.13,0.08
6.529141,-0.13,0.13,0.08
6.535993,-0.12,0.16,0.06
6.545515,-0.12,0.16,0.06
6.556332,-0.10,0.17,0.05
6.566184,-0.10,0.17,0.05
6.576656,-0.08,0.15,0.04
6.586398,-0.08,0.15,0.04
6.596583,-0.05,0.11,0.04
6.606972,-0.05,0.11,0.04
6.616517,-0.03,0.10,0.03
6.629377,-0.03,0.10,0.03
6.637109,-0.01,0.11,0.00
6.646561,-0.01,0.11,0.00
6.657286,0.00,0.13,-0.04
6.667125,0.00,0.13,-0.04
6.677072,0.01,0.13,-0.08
6.687867,0.01,0.13,-0.08
6.698004,0.01,0.16,-0.11
6.708145,0.01,0.16,-0.11
6.718459,-0.00,0.22,-0.01
6.729558,-0.00,0.22,-0.01
6.738369,-0.00,0.27,-0.01
6.748874,-0.00,0.27,-0.01
6.759885,-0.01,0.28,-0.01
6.768905,-0.01,0.28,-0.01
6.778957,-0.01,0.25,-0.01
6.788629,-0.01,0.25,-0.01
6.798438,-0.01,0.24,-0.01
6.814795,-0.01,0.24,-0.01
6.819089,-0.01,0.26,-0.00
6.828888,-0.01,0.26,-0.00
6.839298,-0.01,0.27,0.00
6.849648,-0.01,0.27,0.00
6.860018,-0.00,0.27,0.01
6.869305,-0.00,0.27,0.01
6.879657,0.00,0.28,0.01
6.890450,0.00,0.28,0.01
6.900630,0.01,0.29,0.01
6.915357,0.01,0.29,0.01
6.920433,0.00,0.29,0.01
6.930177,0.00,0.29,0.01
6.941630,0.00,0.27,0.01
6.950572,0.00,0.27,0.01
6.960920,0.00,0.22,0.01
6.971146,0.00,0.22,0.01
6.980767,0.00,0.17,0.01
6.991790,0.00,0.17,0.01
7.002660,0.00,0.15,0.00
7.014877,0.00,0.15,0.00
7.022071,0.10,0.16,-0.01
7.031739,0.10,0.16,-0.01
7.042687,0.17,0.15,-0.05
7.052781,0.17,0.15,-0.05
7.062333,0.24,0.12,-0.08
7.073263,0.24,0.12,-0.08
7.082782,0.30,0.09,-0.09
7.093182,0.30,0.09,-0.09
7.103376,0.35,0.09,-0.08
7.112887,0.35,0.09,-0.08
7.123534,0.36,0.12,-0.05
7.133186,0.36,0.12,-0.05
7.147582,0.35,0.13,0.01
7.153804,0.35,0.13,0.01
7.163629,0.33,0.11,0.06
7.174231,0.33,0.11,0.06
7.183745,0.31,0.09,0.12
7.194347,0.31,0.09,0.12
7.205101,0.27,0.08,0.17
7.214473,0.27,0.08,0.17
7.228952,0.23,0.07,0.21
7.234622,0.23,0.07,0.21
7.244578,0.18,0.05,0.25
7.254659,0.18,0.05,0.25
7.264708,0.11,0.01,0.28
7.275927,0.11,0.01,0.28
7.285242,0.04,-0.03,0.32
7.295104,0.04,-0.03,0.32
7.305955,-0.00,-0.08,0.03
7.315918,-0.00,-0.08,0.03
7.329605,-0.01,-0.13,0.03
7.336077,-0.01,-0.13,0.03
7.346479,-0.02,-0.17,0.03
7.356364,-0.02,-0.17,0.03
7.366665,-0.02,-0.22,0.03
7.376447,-0.02,-0.22,0.03
7.386884,-0.05,-0.29,0.05
7.396447,-0.05,-0.29,0.05
7.406970,-0.06,-0.35,0.04
7.417087,-0.06,-0.35,0.04
7.428692,-0.09,-0.40,0.05
7.437472,-0.09,-0.40,0.05
7.447028,-0.09,-0.41,0.04
7.458105,-0.09,-0.41,0.04
7.467408,-0.09,-0.41,0.03
7.477452,-0.09,-0.41,0.03
7.488231,-0.08,-0.42,0.02
7.498131,-0.08,-0.42,0.02
7.508353,-0.06,-0.42,0.02
7.518536,-0.06,-0.42,0.02
7.529431,-0.05,-0.39,0.02
7.539167,-0.05,-0.39,0.02
7.549042,-0.04,-0.33,0.01
7.559540,-0.04,-0.33,0.01
7.569091,-0.04,-0.26,0.01
7.578989,-0.04,-0.26,0.01
7.589763,-0.03,-0.19,0.00
7.598944,-0.03,-0.19,0.00
7.617847,-0.03,-0.14,-0.00
7.619693,-0.03,-0.14,-0.00
7.637159,-0.02,-0.13,-0.01
7.639626,-0.02,-0.13,-0.01
7.650151,-0.02,-0.16,-0.01
7.660195,-0.02,-0.16,-0.01
7.670345,-0.01,-0.21,-0.01
7.680277,-0.01,-0.21,-0.01
7.690998,-0.01,-0.21,-0.01
7.700767,-0.01,-0.21,-0.01
7.713516,-0.03,-0.15,-0.04
7.721026,-0.03,-0.15,-0.04
7.730741,-0.03,-0.09,-0.05
7.741210,-0.03,-0.09,-0.05
7.751411,-0.02,-0.07,-0.08
7.761076,-0.02,-0.07,-0.08
7.772224,-0.02,-0.09,-0.10
7.781362,-0.02,-0.09,-0.10
7.792794,-0.01,-0.15,-0.11
7.802062,-0.01,-0.15,-0.11
7.811898,0.00,-0.21,-0.09
7.822814,0.00,-0.21,-0.09
7.832665,0.01,-0.23,-0.05
7.845781,0.01,-0.23,-0.05
7.852730,0.01,-0.20,-0.01
7.862548,0.01,-0.20,-0.01
7.872928,0.02,-0.16,0.03
7.882662,0.02,-0.16,0.03
7.893117,0.05,-0.13,0.04
7.903513,0.05,-0.13,0.04
7.913740,0.08,-0.13,0.02
7.923552,0.08,-0.13,0.02
7.934251,0.11,-0.13,-0.01
7.943527,0.11,-0.13,-0.01
7.954694,0.12,-0.15,-0.05
7.964218,0.12,-0.15,-0.05
7.975791,0.12,-0.18,-0.08
7.984662,0.12,-0.18,-0.08
7.994667,0.11,-0.19,-0.09
8.004652,0.11,-0.19,-0.09
8.015384,0.08,-0.17,-0.10
8.029428,0.08,-0.17,-0.10
8.035562,0.06,-0.12,-0.10
8.045222,0.06,-0.12,-0.10
8.055418,0.06,-0.08,-0.10
8.065256,0.06,-0.08,-0.10
8.075965,0.09,-0.06,-0.10
8.086144,0.09,-0.06,-0.10
8.096244,0.11,-0.01,-0.09
8.105909,0.11,-0.01,-0.09
8.116033,0.10,0.05,-0.09
8.127511,0.10,0.05,-0.09
8.136959,0.09,0.09,-0.11
8.146590,0.09,0.09,-0.11
8.157354,0.08,0.10,-0.13
8.167241,0.08,0.10,-0.13
8.177194,0.07,0.09,-0.15
8.187476,0.07,0.09,-0.15
8.197615,0.08,0.09,-0.16
8.213324,0.08,0.09,-0.16
8.217570,0.08,0.09,-0.16
8.227372,0.08,0.09,-0.16
8.238041,0.06,0.08,-0.14
8.247637,0.06,0.08,-0.14
8.259149,0.04,0.07,-0.13
8.268428,0.04,0.07,-0.13
8.278120,0.01,0.04,-0.12
8.288639,0.01,0.04,-0.12
8.298856,-0.01,0.01,-0.12
8.313528,-0.01,0.01,-0.12
8.318956,-0.03,0.00,-0.11
8.328677,-0.03,0.00,-0.11
8.339354,-0.06,0.01,-0.11
8.349142,-0.06,0.01,-0.11
8.360093,-0.09,0.00,-0.12
8.369601,-0.09,0.00,-0.12
8.378983,-0.11,-0.01,-0.14
8.390053,-0.11,-0.01,-0.14
8.399771,-0.11,-0.03,-0.16
8.414051,-0.11,-0.03,-0.16
8.420472,-0.11,-0.04,-0.15
8.429940,-0.11,-0.04,-0.15
8.440265,-0.10,-0.05,-0.13
8.450301,-0.10,-0.05,-0.13
8.460647,-0.11,-0.07,-0.09
8.470568,-0.11,-0.07,-0.09
8.480735,-0.12,-0.09,-0.04
8.490491,-0.12,-0.09,-0.04
8.501054,-0.13,-0.07,0.00
8.513658,-0.13,-0.07,0.00
8.521218,-0.13,-0.03,0.04
8.531088,-0.13,-0.03,0.04
8.542257,-0.13,0.01,0.06
8.551664,-0.13,0.01,0.06
8.561980,-0.12,0.04,0.07
8.572057,-0.12,0.04,0.07
8.582227,-0.11,0.08,0.08
8.592085,-0.11,0.08,0.08
8.602849,-0.10,0.10,0.09
8.612442,-0.10,0.10,0.09
8.623529,-0.11,0.10,0.13
8.632940,-0.11,0.10,0.13
8.647132,-0.12,0.09,0.16
8.653179,-0.12,0.09,0.16
8.663044,-0.14,0.08,0.19
8.673055,-0.14,0.08,0.19
8.683447,-0.16,0.10,0.20
8.693298,-0.16,0.10,0.20
8.704679,-0.17,0.11,0.19
8.713729,-0.17,0.11,0.19
8.728824,-0.16,0.10,0.17
8.734685,-0.16,0.10,0.17
8.744277,-0.14,0.10,0.14
8.754298,-0.14,0.10,0.14
8.764718,-0.11,0.12,0.10
8.775715,-0.11,0.12,0.10
8.785251,-0.07,0.14,0.05
8.794702,-0.07,0.14,0.05
8.805253,-0.02,0.16,-0.01
8.814661,-0.02,0.16,-0.01
8.829619,0.01,0.17,-0.05
8.835612,0.01,0.17,-0.05
8.845210,0.04,0.20,-0.07
8.855610,0.04,0.20,-0.07
8.865755,0.05,0.23,-0.07
8.875945,0.05,0.23,-0.07
8.886344,0.06,0.27,-0.06
8.896076,0.06,0.27,-0.06
8.906260,0.07,0.32,-0.05
8.916614,0.07,0.32,-0.05
8.929877,0.06,0.36,-0.04
8.936668,0.06,0.36,-0.04
8.946795,0.05,0.39,-0.04
8.958735,0.05,0.39,-0.04
8.967806,0.05,0.37,-0.04
8.977417,0.05,0.37,-0.04
8.987975,0.05,0.32,-0.04
8.997642,0.05,0.32,-0.04
9.013790,0.04,0.28,-0.04
9.017467,0.04,0.28,-0.04
9.029896,0.04,0.26,-0.03
9.037925,0.04,0.26,-0.03
9.047891,0.04,0.23,-0.03
9.058336,0.04,0.23,-0.03
9.068680,0.04,0.17,-0.03
9.078267,0.04,0.17,-0.03
9.088883,0.03,0.08,-0.02
9.098630,0.03,0.08,-0.02
9.113772,0.02,-0.01,0.01
9.118807,0.02,-0.01,0.01
9.129828,0.01,-0.06,0.05
9.139261,0.01,-0.06,0.05
9.150138,0.03,-0.08,0.11
9.159377,0.03,-0.08,0.11
9.169897,0.07,-0.08,0.18
9.179806,0.07,-0.08,0.18
9.192057,0.15,-0.07,0.23
9.200529,0.15,-0.07,0.23
9.210537,0.25,-0.03,0.26
9.221092,0.25,-0.03,0.26
9.230710,0.33,0.06,0.26
9.247678,0.33,0.06,0.26
9.250524,0.40,0.17,0.24
9.261454,0.40,0.17,0.24
9.271323,0.45,0.22,0.19
9.281050,0.45,0.22,0.19
9.291873,0.47,0.19,0.12
9.301581,0.47,0.19,0.12
9.311994,0.44,0.11,0.06
9.322553,0.44,0.11,0.06
9.332058,0.36,0.06,0.03
9.346757,0.36,0.06,0.03
9.352192,0.26,0.03,0.03
9.362496,0.26,0.03,0.03
9.373178,0.15,0.01,0.05
9.382228,0.15,0.01,0.05
9.392742,0.03,-0.01,0.07
9.403106,0.03,-0.01,0.07
9.412940,-0.07,-0.04,0.08
9.423436,-0.07,-0.04,0.08
9.433331,-0.16,-0.09,0.09
9.447822,-0.16,-0.09,0.09
9.453490,-0.23,-0.15,0.09
9.463115,-0.23,-0.15,0.09
9.474790,-0.28,-0.21,0.08
9.483856,-0.28,-0.21,0.08
9.493789,-0.30,-0.27,0.07
9.504895,-0.30,-0.27,0.07
9.514443,-0.27,-0.29,0.06
9.529450,-0.27,-0.29,0.06
9.534529,-0.22,-0.26,0.05
9.546967,-0.22,-0.26,0.05
9.555533,-0.16,-0.15,0.05
9.564985,-0.16,-0.15,0.05
9.575109,-0.09,-0.01,0.05
9.585418,-0.09,-0.01,0.05
9.594785,-0.00,0.11,0.05
9.605272,-0.00,0.11,0.05
9.615784,0.07,0.16,0.04
9.630671,0.07,0.16,0.04
9.636851,0.12,0.15,0.04
9.646010,0.12,0.15,0.04
9.656503,0.13,0.10,0.04
9.666400,0.13,0.10,0.04
9.676852,0.10,0.04,0.03
9.687276,0.10,0.04,0.03
9.697442,0.06,-0.01,0.01
9.713082,0.06,-0.01,0.01
9.716959,0.02,-0.03,-0.01
9.730417,0.02,-0.03,-0.01
9.737081,-0.00,-0.02,-0.05
9.746886,-0.00,-0.02,-0.05
9.757656,-0.02,0.01,-0.09
9.767377,-0.02,0.01,-0.09
9.777473,-0.04,0.01,-0.12
9.787627,-0.04,0.01,-0.12
9.797663,-0.04,-0.03,-0.14
9.813641,-0.04,-0.03,-0.14
9.818188,-0.05,-0.07,-0.14
9.831176,-0.05,-0.07,-0.14
9.838564,-0.05,-0.08,-0.13
9.848624,-0.05,-0.08,-0.13
9.858166,-0.05,-0.06,-0.11
9.869099,-0.05,-0.06,-0.11
9.878523,-0.05,-0.01,-0.10
9.889379,-0.05,-0.01,-0.10
9.898870,-0.04,0.03,-0.08
9.913029,-0.04,0.03,-0.08
9.919345,-0.04,0.07,-0.06
9.929847,-0.04,0.07,-0.06
9.940764,-0.04,0.07,-0.04
9.949938,-0.04,0.07,-0.04
9.960474,-0.07,0.01,-0.03
9.970245,-0.07,0.01,-0.03
9.980480,-0.13,-0.07,-0.00
9.991337,-0.13,-0.07,-0.00
10.001316,-0.20,-0.12,0.02
10.010808,-0.20,-0.12,0.02
10.021847,-0.26,-0.13,0.05
10.030821,-0.26,-0.13,0.05
10.045858,-0.29,-0.11,0.08
10.051384,-0.29,-0.11,0.08
10.061316,-0.30,-0.08,0.10
10.071596,-0.30,-0.08,0.10
10.081542,-0.28,-0.08,0.11
10.092022,-0.28,-0.08,0.11
10.101987,-0.25,-0.11,0.12
10.111706,-0.25,-0.11,0.12
10.122844,-0.21,-0.16,0.11
10.131853,-0.21,-0.16,0.11
10.147690,-0.18,-0.21,0.09
10.152112,-0.18,-0.21,0.09
10.162856,-0.14,-0.27,0.07
10.172653,-0.14,-0.27,0.07
10.182568,-0.11,-0.33,0.04
10.192827,-0.11,-0.33,0.04
10.202974,-0.07,-0.37,0.02
10.212988,-0.07,-0.37,0.02
10.229204,-0.03,-0.37,0.01
10.233298,-0.03,-0.37,0.01
10.246801,0.02,-0.32,-0.00
10.253720,0.02,-0.32,-0.00
10.263989,0.05,-0.26,-0.00
10.274394,0.05,-0.26,-0.00
10.284741,0.07,-0.20,0.00
10.294065,0.07,-0.20,0.00
10.304953,0.08,-0.14,0.01
10.314904,0.08,-0.14,0.01
10.329414,0.09,-0.09,0.01
10.335086,0.09,-0.09,0.01
10.346635,0.11,-0.03,0.01
10.355484,0.11,-0.03,0.01
10.365550,0.14,0.03,0.01
10.375523,0.14,0.03,0.01
10.386282,0.18,0.08,0.01
10.395608,0.18,0.08,0.01
10.407379,0.22,0.09,0.01
10.416725,0.22,0.09,0.01
10.429214,0.25,0.08,0.00
10.436340,0.25,0.08,0.00
10.447021,0.27,0.10,-0.01
10.457759,0.27,0.10,-0.01
10.466562,0.29,0.13,-0.04
10.476565,0.29,0.13,-0.04
10.487139,0.29,0.16,-0.08
10.497164,0.29,0.16,-0.08
10.512899,0.28,0.16,-0.12
10.517598,0.28,0.16,-0.12
10.531276,0.27,0.13,-0.15
10.537738,0.27,0.13,-0.15
10.547693,0.28,0.12,-0.20
10.557996,0.28,0.12,-0.20
10.568378,0.28,0.12,-0.24
10.578421,0.28,0.12,-0.24
10.588609,0.26,0.09,-0.26
10.598501,0.26,0.09,-0.26
10.612613,0.22,0.04,-0.26
10.618291,0.22,0.04,-0.26
10.631289,0.17,-0.00,-0.24
10.638931,0.17,-0.00,-0.24
10.648774,0.10,-0.02,-0.21
10.658888,0.10,-0.02,-0.21
10.669690,0.04,-0.03,-0.19
10.679020,0.04,-0.03,-0.19
10.690873,-0.00,-0.04,-0.16
10.699469,-0.00,-0.04,-0.16
10.710132,-0.04,-0.04,-0.13
10.720341,-0.04,-0.04,-0.13
10.729566,-0.09,-0.03,-0.10
10.745800,-0.09,-0.03,-0.10
10.750113,-0.15,-0.02,-0.08
10.760528,-0.15,-0.02,-0.08
10.770851,-0.22,-0.03,-0.06
10.782071,-0.22,-0.03,-0.06
10.791433,-0.27,-0.08,-0.04
10.801478,-0.27,-0.08,-0.04
10.811368,-0.31,-0.12,-0.01
10.822032,-0.31,-0.12,-0.01
10.831330,-0.35,-0.12,0.02
10.847146,-0.35,-0.12,0.02
10.851162,-0.38,-0.06,0.06
10.861774,-0.38,-0.06,0.06
10.871877,-0.39,0.00,0.10
10.881962,-0.39,0.00,0.10
10.892145,-0.38,0.02,0.13
10.902205,-0.38,0.02,0.13
10.912700,-0.34,0.00,0.16
10.922471,-0.34,0.00,0.16
10.933007,-0.29,-0.02,0.20
10.947027,-0.29,-0.02,0.20
10.953203,-0.24,-0.03,0.22
10.963516,-0.24,-0.03,0.22
10.974283,-0.19,-0.03,0.22
10.983802,-0.19,-0.03,0.22
10.993658,-0.14,-0.03,0.20
11.004104,-0.14,-0.03,0.20
11.013990,-0.08,-0.01,0.16
11.029016,-0.08,-0.01,0.16
11.034017,-0.02,0.02,0.11
11.046791,-0.02,0.02,0.11
11.054356,0.04,0.07,0.06
11.064281,0.04,0.07,0.06
11.074421,0.09,0.12,0.03
11.084752,0.09,0.12,0.03
11.094355,0.11,0.17,0.02
11.105166,0.11,0.17,0.02
11.114846,0.12,0.21,0.04
11.128576,0.12,0.21,0.04
11.135358,0.12,0.22,0.07
11.145796,0.12,0.22,0.07
11.157564,0.11,0.21,0.13
11.165656,0.11,0.21,0.13
11.176034,0.11,0.19,0.18
11.186637,0.11,0.19,0.18
11.196042,0.13,0.17,0.22
11.207845,0.13,0.17,0.22
11.216904,0.14,0.15,0.24
11.227027,0.14,0.15,0.24
11.237152,0.16,0.10,0.23
11.246493,0.16,0.10,0.23
11.264005,0.18,0.04,0.18
11.266468,0.18,0.04,0.18
11.277267,0.22,-0.01,0.12
11.287101,0.22,-0.01,0.12
11.297423,0.26,-0.04,0.04
11.308493,0.26,-0.04,0.04
11.318057,0.30,-0.02,-0.03
11.328774,0.30,-0.02,-0.03
11.338400,0.33,0.02,-0.09
11.347829,0.33,0.02,-0.09
11.358939,0.32,0.06,-0.14
11.368230,0.32,0.06,-0.14
11.378152,0.28,0.10,-0.15
11.390574,0.28,0.10,-0.15
11.399396,0.21,0.12,-0.13
11.408865,0.21,0.12,-0.13
11.419266,0.13,0.13,-0.10
11.428965,0.13,0.13,-0.10
11.446201,0.05,0.11,-0.07
11.449273,0.05,0.11,-0.07
11.459612,-0.02,0.07,-0.04
11.469149,-0.02,0.07,-0.04
11.479835,-0.06,0.01,-0.01
11.490891,-0.06,0.01,-0.01
11.499858,-0.09,-0.05,0.02
11.510101,-0.09,-0.05,0.02
11.520810,-0.10,-0.10,0.04
11.530207,-0.10,-0.10,0.04
11.547888,-0.11,-0.11,0.06
11.550628,-0.11,-0.11,0.06
11.560786,-0.11,-0.10,0.08
11.571368,-0.11,-0.10,0.08
11.581134,-0.13,-0.12,0.11
11.590674,-0.13,-0.12,0.11
11.601189,-0.17,-0.17,0.14
11.611450,-0.17,-0.17,0.14
11.621619,-0.22,-0.21,0.17
11.631468,-0.22,-0.21,0.17
11.647228,-0.27,-0.22,0.18
11.651897,-0.27,-0.22,0.18
11.662306,-0.31,-0.19,0.17
11.672144,-0.31,-0.19,0.17
11.682797,-0.35,-0.16,0.16
11.693076,-0.35,-0.16,0.16
11.703391,-0.37,-0.16,0.13
11.712966,-0.37,-0.16,0.13
11.728946,-0.37,-0.19,0.09
11.733039,-0.37,-0.19,0.09
11.747247,-0.35,-0.25,0.04
11.752955,-0.35,-0.25,0.04
11.763493,-0.30,-0.33,-0.02
11.773966,-0.30,-0.33,-0.02
11.783631,-0.24,-0.42,-0.08
11.793471,-0.24,-0.42,-0.08
11.804483,-0.18,-0.47,-0.11
11.814346,-0.18,-0.47,-0.11
11.828031,-0.12,-0.47,-0.12
11.834533,-0.12,-0.47,-0.12
11.845147,-0.06,-0.42,-0.11
11.854700,-0.06,-0.42,-0.11
11.864907,0.00,-0.35,-0.09
11.874804,0.00,-0.35,-0.09
11.885412,0.06,-0.30,-0.07
11.894624,0.06,-0.30,-0.07
11.905620,0.11,-0.27,-0.05
11.915525,0.11,-0.27,-0.05
11.928641,0.15,-0.21,-0.02
11.935773,0.15,-0.21,-0.02
11.946878,0.19,-0.09,0.02
11.956573,0.19,-0.09,0.02
11.966330,0.22,0.02,0.05
11.976818,0.22,0.02,0.05
11.986836,0.24,0.06,0.06
11.996579,0.24,0.06,0.06
12.006928,0.24,0.04,0.04
12.017140,0.24,0.04,0.04
12.027136,0.23,0.00,0.00
12.038253,0.23,0.00,0.00
12.047769,0.21,-0.03,-0.05
12.065887,0.21,-0.03,-0.05
12.067181,0.18,-0.07,-0.08
12.077134,0.18,-0.07,-0.08
12.087552,0.16,-0.12,-0.10
12.097911,0.16,-0.12,-0.10
12.107836,0.14,-0.15,-0.09
12.118713,0.14,-0.15,-0.09
12.128112,0.12,-0.15,-0.08
12.138359,0.12,-0.15,-0.08
12.148506,0.11,-0.12,-0.07
12.158550,0.11,-0.12,-0.07
12.169223,0.09,-0.08,-0.07
12.178507,0.09,-0.08,-0.07
12.190364,0.09,-0.05,-0.08
12.199333,0.09,-0.05,-0.08
12.209498,0.11,0.00,-0.10
12.219931,0.11,0.00,-0.10
12.229494,0.14,0.07,-0.12
12.247688,0.14,0.07,-0.12
12.249430,0.16,0.14,-0.15
12.259681,0.16,0.14,-0.15
12.270733,0.17,0.19,-0.17
12.280130,0.17,0.19,-0.17
12.290394,0.15,0.20,-0.21
12.300510,0.15,0.20,-0.21
12.310126,0.11,0.22,-0.25
12.321357,0.11,0.22,-0.25
12.330698,0.04,0.21,-0.27
12.347635,0.04,0.21,-0.27
12.351969,-0.05,0.15,-0.27
12.361198,-0.05,0.15,-0.27
12.373197,-0.12,0.04,-0.27
12.381951,-0.12,0.04,-0.27
12.392353,-0.16,-0.08,-0.28
12.401993,-0.16,-0.08,-0.28
12.412425,-0.15,-0.14,-0.29
12.428952,-0.15,-0.14,-0.29
12.431963,-0.10,-0.13,-0.30
12.446646,-0.10,-0.13,-0.30
12.452445,-0.05,-0.09,-0.31
12.462727,-0.05,-0.09,-0.31
12.473159,-0.00,-0.07,-0.09
12.482655,-0.00,-0.07,-0.09
12.493197,0.00,-0.07,-0.08
12.503462,0.00,-0.07,-0.08
12.513553,-0.01,-0.08,-0.07
12.528736,-0.01,-0.08,-0.07
12.533197,-0.02,-0.09,-0.05
12.546883,-0.02,-0.09,-0.05
12.553824,-0.03,-0.10,-0.03
12.564423,-0.03,-0.10,-0.03
12.575058,-0.04,-0.09,-0.01
12.584278,-0.04,-0.09,-0.01
12.594017,-0.05,-0.04,0.01
12.604822,-0.05,-0.04,0.01
12.615149,-0.05,0.02,0.02
12.629276,-0.05,0.02,0.02
12.634712,-0.05,0.05,0.02
12.648149,-0.05,0.05,0.02
12.656074,-0.05,0.05,0.02
12.665457,-0.05,0.05,0.02
12.676017,-0.05,0.03,0.01
12.686062,-0.05,0.03,0.01
12.695665,-0.05,0.03,0.00
12.706438,-0.05,0.03,0.00
12.716625,-0.05,0.05,-0.01
12.726276,-0.05,0.05,-0.01
12.736718,-0.05,0.10,-0.01
12.746749,-0.05,0.10,-0.01
12.768202,-0.05,0.17,-0.01
12.769132,-0.05,0.17,-0.01
12.776663,-0.05,0.22,-0.01
12.786440,-0.05,0.22,-0.01
12.796965,-0.04,0.21,-0.02
12.806935,-0.04,0.21,-0.02
12.817007,-0.13,0.15,-0.06
12.826786,-0.13,0.15,-0.06
12.837530,-0.11,0.08,-0.07
12.847291,-0.11,0.08,-0.07
12.862666,-0.09,-0.01,-0.08
12.867458,-0.09,-0.01,-0.08
12.877989,-0.02,-0.08,-0.03
12.887763,-0.02,-0.08,-0.03
12.898510,-0.01,-0.06,-0.02
12.908254,-0.01,-0.06,-0.02
12.918420,-0.01,0.08,-0.02
12.928674,-0.01,0.08,-0.02
12.946186,-0.01,0.25,-0.01
12.948491,-0.01,0.25,-0.01
12.959011,0.02,0.37,0.05
12.969246,0.02,0.37,0.05
12.979131,0.01,0.42,0.02
12.989671,0.01,0.42,0.02
12.999887,0.02,0.43,0.03
13.009744,0.02,0.43,0.03
13.020312,0.02,0.42,0.03
13.029893,0.02,0.42,0.03
13.045935,0.03,0.38,0.03
13.050149,0.03,0.38,0.03
13.059928,0.04,0.32,0.03
13.070487,0.04,0.32,0.03
13.081212,0.04,0.24,0.03
13.090728,0.04,0.24,0.03
13.101559,0.05,0.16,0.02
13.110948,0.05,0.16,0.02
13.128655,0.06,0.11,0.02
13.130824,0.06,0.11,0.02
13.146337,0.06,0.10,0.02
13.151851,0.06,0.10,0.02
13.161322,0.05,0.13,0.01
13.172754,0.05,0.13,0.01
13.181909,0.04,0.14,0.01
13.191708,0.04,0.14,0.01
13.202529,0.03,0.12,0.01
13.212562,0.03,0.12,0.01
13.228681,0.02,0.09,0.01
13.232273,0.02,0.09,0.01
13.245647,0.01,0.07,0.01
13.252878,0.01,0.07,0.01
13.263156,0.00,0.06,0.01
13.272868,0.00,0.06,0.01
13.282841,0.00,0.05,0.01
13.293062,0.00,0.05,0.01
13.303729,0.01,0.05,0.01
13.314026,0.01,0.05,0.01
13.328176,0.13,0.09,0.15
13.334051,0.13,0.09,0.15
13.346755,0.17,0.15,0.15
13.354034,0.17,0.15,0.15
13.364580,0.17,0.21,0.15
13.374214,0.17,0.21,0.15
13.384735,0.12,0.24,0.15
13.394346,0.12,0.24,0.15
13.404803,0.00,0.25,0.02
13.414868,0.00,0.25,0.02
13.428836,-0.00,0.26,0.02
13.435129,-0.00,0.26,0.02
13.447377,-0.01,0.26,0.02
13.456381,-0.01,0.26,0.02
13.465898,-0.01,0.26,0.02
13.475546,-0.01,0.26,0.02
13.486811,-0.02,0.22,0.02
13.495850,-0.02,0.22,0.02
13.506066,-0.02,0.10,0.02
13.516672,-0.02,0.10,0.02
13.526627,-0.03,-0.05,0.01
13.536958,-0.03,-0.05,0.01
13.546292,-0.04,-0.14,0.01
13.563076,-0.04,-0.14,0.01
13.567246,-0.04,-0.16,-0.00
13.576910,-0.04,-0.16,-0.00
13.587385,-0.04,-0.13,-0.01
13.597527,-0.04,-0.13,-0.01
13.607539,-0.03,-0.11,-0.01
13.617754,-0.03,-0.11,-0.01
13.627706,-0.03,-0.08,-0.01
13.638155,-0.03,-0.08,-0.01
13.648268,-0.02,-0.01,-0.01
13.663602,-0.02,-0.01,-0.01
13.668100,-0.02,0.05,-0.01
13.678053,-0.02,0.05,-0.01
13.689806,-0.02,0.05,-0.01
13.698624,-0.02,0.05,-0.01
13.709083,-0.01,-0.02,-0.01
13.719178,-0.01,-0.02,-0.01
13.728890,-0.01,-0.11,-0.01
13.747027,-0.01,-0.11,-0.01
13.749169,-0.01,-0.17,-0.01
13.759652,-0.01,-0.17,-0.01
13.769741,-0.00,-0.20,-0.01
13.779684,-0.00,-0.20,-0.01
13.790449,-0.00,-0.24,-0.01
13.800313,-0.00,-0.24,-0.01
13.810091,-0.00,-0.29,-0.00
13.820856,-0.00,-0.29,-0.00
13.830650,0.00,-0.30,-0.00
13.847421,0.00,-0.30,-0.00
13.850551,-0.00,-0.25,-0.00
13.860626,-0.00,-0.25,-0.00
13.871159,-0.00,-0.17,-0.00
13.881408,-0.00,-0.17,-0.00
13.891056,-0.00,-0.10,-0.00
13.901685,-0.00,-0.10,-0.00
13.911768,0.00,-0.07,-0.00
13.926978,0.00,-0.07,-0.00
13.931572,0.01,-0.04,-0.00
13.944730,0.01,-0.04,-0.00
13.951973,0.01,-0.00,-0.00
13.962224,0.01,-0.00,-0.00
13.972906,0.02,0.01,-0.00
13.982718,0.02,0.01,-0.00
13.992409,0.02,-0.06,-0.00
14.002990,0.02,-0.06,-0.00
14.013909,0.03,-0.18,-0.00
14.026828,0.03,-0.18,-0.00
14.032723,0.01,-0.29,-0.00
14.045654,0.01,-0.29,-0.00
14.053415,-0.01,-0.35,-0.00
14.063440,-0.01,-0.35,-0.00
14.074004,-0.02,-0.36,-0.00
14.083822,-0.02,-0.36,-0.00
14.093754,-0.03,-0.36,-0.00
14.104023,-0.03,-0.36,-0.00
14.114591,-0.03,-0.35,-0.00
14.127760,-0.03,-0.35,-0.00
14.133978,-0.10,-0.32,-0.01
14.145969,-0.10,-0.32,-0.01
14.155720,-0.06,-0.26,-0.01
14.164784,-0.06,-0.26,-0.01
14.174606,-0.01,-0.15,-0.00
14.185297,-0.01,-0.15,-0.00
14.195591,0.03,-0.03,0.00
14.205816,0.03,-0.03,0.00
14.215627,0.05,0.05,-0.00
14.225587,0.05,0.05,-0.00
14.236039,0.04,0.06,-0.02
14.245825,0.04,0.06,-0.02
14.262268,0.01,0.02,-0.05
14.266185,0.01,0.02,-0.05
14.275888,-0.01,-0.01,-0.09
14.286202,-0.01,-0.01,-0.09
14.296830,-0.02,-0.04,-0.12
14.306588,-0.02,-0.04,-0.12
14.317199,-0.05,-0.08,-0.12
14.326245,-0.05,-0.08,-0.12
14.343498,-0.08,-0.13,-0.10
14.346692,-0.08,-0.13,-0.10
14.361774,-0.12,-0.19,-0.07
14.367359,-0.12,-0.19,-0.07
14.377419,-0.16,-0.24,-0.03
14.389278,-0.16,-0.24,-0.03
14.397555,-0.18,-0.31,0.01
14.407675,-0.18,-0.31,0.01
14.418186,-0.18,-0.37,0.04
14.427770,-0.18,-0.37,0.04
14.444093,-0.17,-0.40,0.05
14.448172,-0.17,-0.40,0.05
14.462822,-0.15,-0.40,0.04
14.468636,-0.15,-0.40,0.04
14.478558,-0.13,-0.38,0.03
14.489015,-0.13,-0.38,0.03
14.499288,-0.08,-0.36,0.01
14.509311,-0.08,-0.36,0.01
14.519643,-0.03,-0.29,0.01
14.529419,-0.03,-0.29,0.01
14.544059,0.01,-0.18,0.01
14.549410,0.01,-0.18,0.01
14.562757,0.05,-0.04,0.01
14.570298,0.05,-0.04,0.01
14.580327,0.06,0.07,0.01
14.590703,0.06,0.07,0.01
14.600927,0.06,0.10,0.00
14.610636,0.06,0.10,0.00
14.622135,0.05,0.08,-0.00
14.630834,0.05,0.08,-0.00
14.643871,0.02,0.06,-0.00
14.650748,0.02,0.06,-0.00
14.663561,-0.01,0.07,0.00
14.671541,-0.01,0.07,0.00
14.681754,-0.05,0.09,0.01
14.691759,-0.05,0.09,0.01
14.702261,-0.08,0.11,0.03
14.711482,-0.08,0.11,0.03
14.726849,-0.09,0.11,0.06
14.732006,-0.09,0.11,0.06
14.745197,-0.12,0.09,0.10
14.752287,-0.12,0.09,0.10
14.762501,-0.15,0.06,0.13
14.773526,-0.15,0.06,0.13
14.782756,-0.17,0.03,0.15
14.792556,-0.17,0.03,0.15
14.803061,-0.17,-0.01,0.14
14.813018,-0.17,-0.01,0.14
14.827763,-0.14,-0.01,0.12
14.833099,-0.14,-0.01,0.12
14.846835,-0.07,0.05,0.09
14.853592,-0.07,0.05,0.09
14.864098,-0.01,0.02,0.01
14.873889,-0.01,0.02,0.01
14.884880,0.04,0.03,0.01
14.894609,0.04,0.03,0.01
14.905587,0.06,0.04,0.01
14.914619,0.06,0.04,0.01
14.925115,0.09,0.07,0.01
14.935173,0.09,0.07,0.01
14.945045,0.11,0.08,0.01
14.963079,0.11,0.08,0.01
14.964803,0.13,0.08,-0.00
14.975859,0.13,0.08,-0.00
14.986050,0.14,0.08,-0.01
14.995950,0.14,0.08,-0.01
15.006519,0.13,0.07,-0.01
15.016931,0.13,0.07,-0.01
15.026002,0.10,0.08,-0.01
15.036844,0.10,0.08,-0.01
15.046236,0.06,0.42,-0.04
15.063383,0.06,0.42,-0.04
15.066518,0.01,0.42,-0.01
15.076808,0.01,0.42,-0.01
15.087167,-0.04,0.33,0.03
15.096989,-0.04,0.33,0.03
15.107272,-0.08,0.19,0.07
15.117494,-0.08,0.19,0.07
15.127500,-0.08,0.08,0.09
15.144018,-0.08,0.08,0.09
15.147772,-0.05,0.02,0.09
15.163079,-0.05,0.02,0.09
15.167828,0.01,-0.01,0.08
15.178020,0.01,-0.01,0.08
15.188267,0.07,-0.03,0.07
15.198109,0.07,-0.03,0.07
15.208163,0.12,-0.07,0.05
15.218604,0.12,-0.07,0.05
15.228879,0.14,-0.12,0.05
15.243932,0.14,-0.12,0.05
15.249620,0.13,-0.18,0.08
15.264133,0.13,-0.18,0.08
15.268966,0.11,-0.21,0.12
15.279243,0.11,-0.21,0.12
15.288799,0.10,-0.18,0.16
15.299736,0.10,-0.18,0.16
15.309989,0.09,-0.11,0.19
15.319889,0.09,-0.11,0.19
15.330145,0.09,-0.05,0.18
15.344452,0.09,-0.05,0.18
15.349646,0.10,-0.03,0.14
15.363497,0.10,-0.03,0.14
15.370875,0.11,-0.02,0.07
15.381015,0.11,-0.02,0.07
15.390528,0.12,-0.02,0.01
15.401533,0.12,-0.02,0.01
15.411344,0.10,-0.03,-0.05
15.421600,0.10,-0.03,-0.05
15.431525,0.07,-0.05,-0.11
15.441539,0.07,-0.05,-0.11
15.452187,0.05,-0.07,-0.17
15.461319,0.05,-0.07,-0.17
15.479248,0.05,-0.07,-0.20
15.481955,0.05,-0.07,-0.20
15.491898,0.04,-0.04,-0.21
15.502493,0.04,-0.04,-0.21
15.511860,0.03,0.00,-0.20
15.522092,0.03,0.00,-0.20
15.532754,0.01,0.04,-0.18
15.544017,0.01,0.04,-0.18
15.552566,-0.01,0.06,-0.15
15.562803,-0.01,0.06,-0.15
15.573542,-0.03,0.06,-0.13
15.583495,-0.03,0.06,-0.13
15.593291,-0.03,-0.01,-0.11
15.604680,-0.03,-0.01,-0.11
15.613416,-0.03,-0.12,-0.10
15.624041,-0.03,-0.12,-0.10
15.633833,-0.02,-0.23,-0.08
15.644403,-0.02,-0.23,-0.08
15.662371,-0.01,-0.28,-0.07
15.664206,-0.01,-0.28,-0.07
15.674060,-0.01,-0.27,-0.05
15.685167,-0.01,-0.27,-0.05
15.694844,-0.01,-0.21,-0.03
15.704948,-0.01,-0.21,-0.03
15.715462,-0.01,-0.12,-0.02
15.725398,-0.01,-0.12,-0.02
15.735734,0.02,-0.02,-0.02
15.745215,0.02,-0.02,-0.02
15.763475,0.08,0.08,-0.03
15.766095,0.08,0.08,-0.03
15.775534,0.12,0.16,-0.05
15.785726,0.12,0.16,-0.05
15.796203,0.13,0.19,-0.06
15.806039,0.13,0.19,-0.06
15.816754,0.12,0.17,-0.06
15.826222,0.12,0.17,-0.06
15.836912,0.10,0.13,-0.04
15.846890,0.10,0.13,-0.04
15.863212,0.08,0.09,-0.02
15.866569,0.08,0.09,-0.02
15.877014,0.07,0.05,-0.00
15.887852,0.07,0.05,-0.00
15.897671,0.07,0.01,0.01
15.907437,0.07,0.01,0.01
15.918007,0.07,-0.03,0.01
15.927594,0.07,-0.03,0.01
15.944102,0.07,-0.04,0.01
15.947541,0.07,-0.04,0.01
15.963269,0.08,-0.01,0.00
15.968388,0.08,-0.01,0.00
15.978235,0.10,0.03,-0.01
15.988808,0.10,0.03,-0.01
15.999356,0.13,0.07,-0.03
16.008349,0.13,0.07,-0.03
16.019241,0.15,0.12,-0.06
16.029076,0.15,0.12,-0.06
16.043167,0.16,0.14,-0.09
16.048921,0.16,0.14,-0.09
16.063021,0.16,0.11,-0.10
16.069455,0.16,0.11,-0.10
16.079468,0.14,0.07,-0.11
16.089876,0.14,0.07,-0.11
16.100457,0.13,0.08,-0.10
16.110231,0.13,0.08,-0.10
16.121456,0.10,0.16,-0.08
16.131132,0.10,0.16,-0.08
16.141233,0.06,0.26,-0.03
16.151286,0.06,0.26,-0.03
16.161178,0.00,0.31,0.02
16.180227,0.00,0.31,0.02
16.181274,-0.08,0.29,0.06
16.190879,-0.08,0.29,0.06
16.201991,-0.15,0.20,0.08
16.211494,-0.15,0.20,0.08
16.221771,-0.18,0.05,0.09
16.231483,-0.18,0.05,0.09
16.241462,-0.15,-0.06,0.09
16.252117,-0.15,-0.06,0.09
16.262078,-0.10,-0.08,0.07
16.278983,-0.10,-0.08,0.07
16.282242,-0.03,-0.02,0.03
16.292072,-0.03,-0.02,0.03
16.302472,0.02,0.03,-0.01
16.313205,0.02,0.03,-0.01
16.323098,0.05,0.01,-0.06
16.333280,0.05,0.01,-0.06
16.342594,0.05,-0.02,-0.10
16.362590,0.05,-0.02,-0.10
16.363921,0.03,-0.04,-0.13
16.373495,0.03,-0.04,-0.13
16.383847,-0.00,-0.08,-0.14
16.393792,-0.00,-0.08,-0.14
16.404916,-0.02,-0.13,-0.14
16.414130,-0.02,-0.13,-0.14
16.424389,-0.04,-0.13,-0.14
16.434600,-0.04,-0.13,-0.14
16.444690,-0.04,-0.04,-0.15
16.462235,-0.04,-0.04,-0.15
16.464539,-0.02,0.08,-0.18
16.474754,-0.02,0.08,-0.18
16.485360,0.01,0.17,-0.22
16.495017,0.01,0.17,-0.22
16.504689,0.04,0.18,-0.26
16.515739,0.04,0.18,-0.26
16.525576,0.06,0.16,-0.27
16.535675,0.06,0.16,-0.27
16.546009,0.05,0.14,-0.27
16.563295,0.05,0.14,-0.27
16.566126,0.02,0.10,-0.24
16.576217,0.02,0.10,-0.24
16.588274,-0.04,0.06,-0.20
16.596649,-0.04,0.06,-0.20
16.606441,-0.12,-0.01,-0.13
16.617227,-0.12,-0.01,-0.13
16.627009,-0.18,-0.07,-0.05
16.642536,-0.18,-0.07,-0.05
16.647349,-0.23,-0.12,0.02
16.662148,-0.23,-0.12,0.02
16.667520,-0.24,-0.15,0.08
16.677068,-0.24,-0.15,0.08
16.689823,-0.23,-0.12,0.13
16.698005,-0.23,-0.12,0.13
16.707951,-0.21,-0.05,0.16
16.718298,-0.21,-0.05,0.16
16.728269,-0.18,0.03,0.19
16.743389,-0.18,0.03,0.19
16.748368,-0.15,0.06,0.19
16.763401,-0.15,0.06,0.19
16.768670,-0.12,0.03,0.18
16.778639,-0.12,0.03,0.18
16.788332,-0.09,-0.05,0.15
16.799245,-0.09,-0.05,0.15
16.808886,-0.06,-0.12,0.11
16.818994,-0.06,-0.12,0.11
16.829206,-0.03,-0.16,0.07
16.843367,-0.03,-0.16,0.07
16.849691,0.01,-0.15,0.01
16.862691,0.01,-0.15,0.01
16.870878,0.07,-0.12,-0.04
16.880277,0.07,-0.12,-0.04
16.890395,0.15,-0.05,-0.07
16.900743,0.15,-0.05,-0.07
16.910836,0.22,0.02,-0.08
16.921169,0.22,0.02,-0.08
16.930979,0.27,0.08,-0.08
16.941205,0.27,0.08,-0.08
16.951406,0.27,0.14,-0.07
16.961240,0.27,0.14,-0.07
16.979654,0.25,0.18,-0.07
16.980755,0.25,0.18,-0.07
16.991556,0.23,0.20,-0.06
17.001799,0.23,0.20,-0.06
17.012462,0.21,0.17,-0.03
17.021607,0.21,0.17,-0.03
17.032766,0.21,0.10,0.01
17.042724,0.21,0.10,0.01
17.063387,0.22,0.06,0.06
17.064346,0.22,0.06,0.06
17.072598,0.24,0.10,0.09
17.082771,0.24,0.10,0.09
17.093275,0.27,0.17,0.09
17.104045,0.27,0.17,0.09
17.114021,0.30,0.25,0.08
17.123095,0.30,0.25,0.08
17.133904,0.31,0.33,0.05
17.143414,0.31,0.33,0.05
17.161576,0.29,0.39,0.04
17.163354,0.29,0.39,0.04
17.173827,0.26,0.40,0.04
17.184614,0.26,0.40,0.04
17.194304,0.21,0.35,0.04
17.204281,0.21,0.35,0.04
17.214830,0.15,0.30,0.04
17.224613,0.15,0.30,0.04
17.235085,0.08,0.27,0.03
17.245249,0.08,0.27,0.03
17.262311,0.03,0.27,0.04
17.264964,0.03,0.27,0.04
17.275169,-0.00,0.26,0.08
17.285659,-0.00,0.26,0.08
17.296199,-0.02,0.22,0.12
17.305775,-0.02,0.22,0.12
17.316290,-0.03,0.14,0.16
17.326298,-0.03,0.14,0.16
17.342316,-0.04,0.04,0.18
17.346449,-0.04,0.04,0.18
17.363484,-0.05,-0.02,0.18
17.366470,-0.05,-0.02,0.18
17.377322,-0.08,-0.00,0.16
17.387630,-0.08,-0.00,0.16
17.396889,-0.12,0.04,0.11
17.406644,-0.12,0.04,0.11
17.417977,-0.17,0.06,0.05
17.426888,-0.17,0.06,0.05
17.443434,-0.21,0.01,-0.01
17.447073,-0.21,0.01,-0.01
17.465626,-0.25,-0.06,-0.03
17.468133,-0.25,-0.06,-0.03
17.477586,-0.29,-0.12,-0.03
17.487753,-0.29,-0.12,-0.03
17.497594,-0.33,-0.19,-0.00
17.508038,-0.33,-0.19,-0.00
17.518569,-0.34,-0.28,0.02
17.528813,-0.34,-0.28,0.02
17.543385,-0.34,-0.33,0.04
17.548409,-0.34,-0.33,0.04
17.563010,-0.33,-0.28,0.05
17.569316,-0.33,-0.28,0.05
17.579517,-0.29,-0.19,0.06
17.588898,-0.29,-0.19,0.06
17.599922,-0.23,-0.17,0.07
17.610004,-0.23,-0.17,0.07
17.619303,-0.15,-0.25,0.06
17.629906,-0.15,-0.25,0.06
17.643627,-0.08,-0.35,0.05
17.650147,-0.08,-0.35,0.05
17.663470,-0.04,-0.39,0.05
17.670746,-0.04,-0.39,0.05
17.680339,-0.03,-0.41,0.06
17.690246,-0.03,-0.41,0.06
17.700938,-0.05,-0.42,0.08
17.711026,-0.05,-0.42,0.08
17.721089,-0.07,-0.43,0.12
17.731282,-0.07,-0.43,0.12
17.741407,-0.08,-0.42,0.15
17.751120,-0.08,-0.42,0.15
17.762230,-0.09,-0.41,0.16
17.779389,-0.09,-0.41,0.16
17.781460,-0.08,-0.39,0.15
17.791625,-0.08,-0.39,0.15
17.801835,-0.07,-0.38,0.12
17.812207,-0.07,-0.38,0.12
17.822255,-0.06,-0.44,0.09
17.832540,-0.06,-0.44,0.09
17.842988,-0.06,-0.55,0.05
17.861919,-0.06,-0.55,0.05
17.862944,-0.06,-0.67,0.02
17.873041,-0.06,-0.67,0.02
17.883359,-0.05,-0.73,-0.01
17.892695,-0.05,-0.73,-0.01
17.904302,-0.05,-0.74,-0.02
17.914011,-0.05,-0.74,-0.02
17.923461,-0.05,-0.70,-0.02
17.934254,-0.05,-0.70,-0.02
17.944037,-0.04,-0.62,-0.01
17.959515,-0.04,-0.62,-0.01
17.964629,-0.03,-0.55,0.00
17.973771,-0.03,-0.55,0.00
17.985070,-0.02,-0.61,0.01
17.994861,-0.02,-0.61,0.01
18.004726,-0.01,-0.85,0.02
18.014742,-0.01,-0.85,0.02
18.024845,0.01,-1.15,0.01
18.034920,0.01,-1.15,0.01
18.045762,0.04,-1.36,-0.02
18.059677,0.04,-1.36,-0.02
18.066485,0.08,-1.43,-0.05
18.075002,0.08,-1.43,-0.05
18.087411,0.11,-1.44,-0.08
18.096215,0.11,-1.44,-0.08
18.105994,0.04,-1.41,-0.03
18.116586,0.04,-1.41,-0.03
18.126686,0.04,-1.31,-0.03
18.142956,0.04,-1.31,-0.03
18.146731,0.04,-1.16,-0.03
18.157957,0.04,-1.16,-0.03
18.167022,0.03,-1.02,-0.03
18.176855,0.03,-1.02,-0.03
18.187180,0.01,-0.99,-0.01
18.197237,0.01,-0.99,-0.01
18.207322,-0.00,-1.05,-0.01
18.217335,-0.00,-1.05,-0.01
18.228087,-0.03,-1.16,0.00
18.242472,-0.03,-1.16,0.00
18.247924,-0.06,-1.23,0.01
18.257870,-0.06,-1.23,0.01
18.268097,-0.09,-1.26,0.01
18.278398,-0.09,-1.26,0.01
18.288483,-0.10,-1.24,0.01
18.298647,-0.10,-1.24,0.01
18.308712,-0.11,-1.19,-0.01
18.319995,-0.11,-1.19,-0.01
18.329143,-0.11,-1.12,-0.02
18.338886,-0.11,-1.12,-0.02
18.349547,-0.10,-1.06,-0.03
18.358889,-0.10,-1.06,-0.03
18.373354,-0.16,-1.07,-0.05
18.379565,-0.16,-1.07,-0.05
18.390332,-0.17,-1.22,-0.04
18.400250,-0.17,-1.22,-0.04
18.410243,-0.18,-1.52,-0.02
18.420867,-0.18,-1.52,-0.02
18.430639,-0.12,-1.92,0.01
18.440563,-0.12,-1.92,0.01
18.450974,-0.06,-2.34,0.07
18.460608,-0.06,-2.34,0.07
18.472057,-0.03,-2.73,0.14
18.480961,-0.03,-2.73,0.14
18.491440,-0.01,-3.05,0.18
18.501135,-0.01,-3.05,0.18
18.511863,0.02,-3.22,0.16
18.521531,0.02,-3.22,0.16
18.531365,0.30,-3.15,0.12
18.541739,0.30,-3.15,0.12
18.556860,0.39,-2.80,-0.60
18.562358,0.39,-2.80,-0.60
18.571554,0.45,-2.29,-1.34
18.582006,0.45,-2.29,-1.34
18.592424,0.44,-1.86,-1.77
18.602675,0.44,-1.86,-1.77
18.612586,0.36,-1.66,-1.82
18.622182,0.36,-1.66,-1.82
18.633122,0.26,-1.66,-1.61
18.642839,0.26,-1.66,-1.61
18.659041,0.17,-1.73,-1.30
18.662903,0.17,-1.73,-1.30
18.673365,0.12,-1.80,-0.99
18.683383,0.12,-1.80,-0.99
18.693819,0.13,-1.88,-0.75
18.703399,0.13,-1.88,-0.75
18.713752,0.20,-1.97,-0.60
18.723527,0.20,-1.97,-0.60
18.734544,0.29,-1.98,-0.55
18.744292,0.29,-1.98,-0.55
18.758139,0.32,-1.90,-0.53
18.764512,0.32,-1.90,-0.53
18.774454,0.12,-1.75,-0.49
18.786701,0.12,-1.75,-0.49
18.795164,-0.42,-1.55,-0.38
18.805141,-0.42,-1.55,-0.38
18.815830,-1.30,-1.25,-0.17
18.824965,-1.30,-1.25,-0.17
18.841248,-2.25,-0.79,0.09
18.845965,-2.25,-0.79,0.09
18.855429,-2.99,-0.11,0.39
18.865802,-2.99,-0.11,0.39
18.876113,-3.42,0.76,0.74
18.886576,-3.42,0.76,0.74
18.896909,-3.42,1.71,1.22
18.906425,-3.42,1.71,1.22
18.917030,-2.01,2.53,1.87
18.927492,-2.01,2.53,1.87
18.942255,-0.57,2.96,2.75
18.946402,-0.57,2.96,2.75
18.958278,-0.51,2.74,3.88
18.967456,-0.51,2.74,3.88
18.977695,-0.66,1.52,5.20
18.987262,-0.66,1.52,5.20
18.997774,-0.64,0.49,6.49
19.007567,-0.64,0.49,6.49
19.018395,-1.37,-1.50,7.27
19.028357,-1.37,-1.50,7.27
19.041115,-2.48,-4.12,7.13
19.048162,-2.48,-4.12,7.13
19.058328,-2.86,-4.88,6.24
19.069898,-2.86,-4.88,6.24
19.079238,-2.97,-4.64,5.02
19.089003,-2.97,-4.64,5.02
19.099049,-3.08,-4.04,3.76
19.108955,-3.08,-4.04,3.76
19.119241,-3.08,-3.15,2.60
19.129460,-3.08,-3.15,2.60
19.139487,-2.71,-1.92,1.65
19.149866,-2.71,-1.92,1.65
19.160008,-2.03,-0.56,0.99
19.169617,-2.03,-0.56,0.99
19.180085,-1.35,0.59,0.57
19.190073,-1.35,0.59,0.57
19.200741,-0.96,1.26,0.30
19.210501,-0.96,1.26,0.30
19.220931,-0.98,1.43,0.02
19.231078,-0.98,1.43,0.02
19.240966,-1.23,1.24,-0.35
19.251030,-1.23,1.24,-0.35
19.261228,-1.45,0.90,-0.84
19.271116,-1.45,0.90,-0.84
19.281784,-1.53,0.54,-1.33
19.291503,-1.53,0.54,-1.33
19.302564,-1.61,0.15,-1.71
19.311863,-1.61,0.15,-1.71
19.321899,-1.98,-0.40,-1.93
19.331890,-1.98,-0.40,-1.93
19.342426,-2.73,-1.21,-2.00
19.357230,-2.73,-1.21,-2.00
19.362512,-3.62,-2.17,-1.93
19.372410,-3.62,-2.17,-1.93
19.382690,-4.28,-2.91,-1.74
19.392146,-4.28,-2.91,-1.74
19.403313,-4.54,-3.17,-1.52
19.413018,-4.54,-3.17,-1.52
19.423086,-4.47,-2.96,-1.32
19.433152,-4.47,-2.96,-1.32
19.443039,-4.25,-2.48,-1.16
19.457505,-4.25,-2.48,-1.16
19.463589,-4.06,-1.87,-1.05
19.473712,-4.06,-1.87,-1.05
19.484255,-4.04,-1.13,-1.04
19.494093,-4.04,-1.13,-1.04
19.504778,-4.20,-0.29,-1.15
19.514204,-4.20,-0.29,-1.15
19.524409,-4.44,0.62,-1.37
19.534678,-4.44,0.62,-1.37
19.544762,-4.58,1.50,-1.64
19.557361,-4.58,1.50,-1.64
19.564843,-4.52,1.01,-1.88
19.574779,-4.52,1.01,-1.88
19.586534,-4.30,-0.03,-2.06
19.595651,-4.30,-0.03,-2.06
19.605113,-4.03,0.84,-2.19
19.615567,-4.03,0.84,-2.19
19.625690,-3.72,2.35,-2.31
19.636204,-3.72,2.35,-2.31
19.646684,-3.37,3.15,-2.42
19.657789,-3.37,3.15,-2.42
19.666063,-3.00,3.71,-2.55
19.678857,-3.00,3.71,-2.55
19.686304,-2.64,4.15,-2.69
19.696838,-2.64,4.15,-2.69
19.706799,-2.21,4.30,-2.93
19.717529,-2.21,4.30,-2.93
19.727506,-1.65,3.95,-3.34
19.740982,-1.65,3.95,-3.34
19.747655,-1.06,3.11,-3.83
19.757605,-1.06,3.11,-3.83
19.768137,-0.63,2.03,-4.18
19.778057,-0.63,2.03,-4.18
19.787510,-0.41,0.91,-4.14
19.798218,-0.41,0.91,-4.14
19.807878,-0.28,-0.04,-3.68
19.819365,-0.28,-0.04,-3.68
19.828646,-0.12,-0.31,-2.93
19.838554,-0.12,-0.31,-2.93
19.849949,0.08,-0.40,-2.09
19.859082,0.08,-0.40,-2.09
19.869627,0.27,-0.66,-1.31
19.879533,0.27,-0.66,-1.31
19.889748,0.39,-0.60,-0.66
19.900211,0.39,-0.60,-0.66
19.909853,0.42,-0.38,-0.18
19.919728,0.42,-0.38,-0.18
19.930020,0.38,-0.09,0.13
19.940046,0.38,-0.09,0.13
19.950329,0.28,0.24,0.26
19.960469,0.28,0.24,0.26
19.970306,0.14,0.60,0.22
19.980627,0.14,0.60,0.22
19.990349,0.00,0.92,0.10
20.000436,0.00,0.92,0.10
20.011534,-0.09,1.13,0.01
20.020611,-0.09,1.13,0.01
20.031471,-0.14,1.17,0.00
20.041554,-0.14,1.17,0.00
20.057244,-0.18,1.09,0.05
20.061830,-0.18,1.09,0.05
20.071693,-0.20,0.96,0.11
20.082163,-0.20,0.96,0.11
20.091591,-0.23,0.82,0.18
20.103089,-0.23,0.82,0.18
20.112779,-0.24,0.70,0.25
20.122082,-0.24,0.70,0.25
20.132948,-0.23,0.60,0.34
20.142903,-0.23,0.60,0.34
20.157664,-0.20,0.51,0.40
20.162794,-0.20,0.51,0.40
20.173563,-0.17,0.43,0.39
20.183134,-0.17,0.43,0.39
20.193138,-0.14,0.36,0.33
20.203293,-0.14,0.36,0.33
20.213889,-0.10,0.30,0.33
20.223448,-0.10,0.30,0.33
20.234000,-0.06,0.28,0.42
20.243964,-0.06,0.28,0.42
20.257092,-0.04,0.28,0.54
20.264018,-0.04,0.28,0.54
20.274104,-0.04,0.29,0.58
20.285803,-0.04,0.29,0.58
20.294569,-0.07,0.28,0.51
20.305188,-0.07,0.28,0.51
20.315375,-0.09,0.25,0.43
20.325132,-0.09,0.25,0.43
20.335823,-0.08,0.23,0.37
20.345047,-0.08,0.23,0.37
20.355274,-0.07,0.22,0.32
20.365667,-0.07,0.22,0.32
